variant,variant_label,threshold,n_seeds,seeds,ap50_mean,ap50_std,precision_mean,precision_std,recall_mean,recall_std,fp_image_rate_mean,fp_image_rate_std,mean_preds_per_knotfree_mean,mean_preds_per_knotfree_std,mean_conf_fp_mean,mean_conf_fp_std,fp_image_rate_ci_lower,fp_image_rate_ci_upper,num_knotfree_images_mean,knotfree_fp_images_mean
baseline,Baseline,0.05,3,42 43 44,0.773577,0.006737,0.442521,0.004766,0.853936,0.002740,0.130466,0.010884,0.282574,0.026761,0.185158,0.006270,0.111948,0.144913,5976.000000,779.666667
baseline,Baseline,0.10,3,42 43 44,0.766068,0.006407,0.537024,0.004486,0.837170,0.002255,0.100346,0.009180,0.168507,0.016569,0.262806,0.009996,0.084337,0.113119,5976.000000,599.666667
baseline,Baseline,0.15,3,42 43 44,0.757290,0.006231,0.597908,0.009112,0.818699,0.003549,0.081270,0.007950,0.118251,0.013346,0.322475,0.010415,0.067269,0.092369,5976.000000,485.666667
baseline,Baseline,0.20,3,42 43 44,0.747886,0.006362,0.649268,0.002897,0.802217,0.003716,0.066823,0.008227,0.089580,0.011768,0.370384,0.010830,0.053380,0.078313,5976.000000,399.333333
baseline,Baseline,0.25,3,42 43 44,0.737489,0.004760,0.685333,0.003833,0.782325,0.005676,0.054607,0.006777,0.068664,0.009521,0.415302,0.011448,0.043005,0.064257,5976.000000,326.333333
baseline,Baseline,0.30,3,42 43 44,0.726939,0.006699,0.717685,0.006295,0.762148,0.007383,0.043730,0.006715,0.052934,0.009323,0.457647,0.006426,0.032631,0.052544,5976.000000,261.333333
baseline,Baseline,0.35,3,42 43 44,0.716565,0.003894,0.749781,0.002815,0.743393,0.004430,0.035810,0.005835,0.041778,0.007359,0.493361,0.009095,0.026104,0.043842,5976.000000,214.000000
baseline,Baseline,0.40,3,42 43 44,0.700394,0.008376,0.778188,0.007880,0.717817,0.009221,0.028726,0.005822,0.032463,0.006526,0.528931,0.006684,0.019411,0.036479,5976.000000,171.666667
baseline,Baseline,0.45,3,42 43 44,0.678446,0.013193,0.807746,0.010540,0.685422,0.013316,0.022590,0.006245,0.024821,0.006588,0.562566,0.001856,0.013052,0.029953,5976.000000,135.000000
baseline,Baseline,0.50,3,42 43 44,0.652242,0.009875,0.830582,0.004776,0.649332,0.009430,0.017180,0.003922,0.018407,0.004089,0.593361,0.003509,0.010710,0.022925,5976.000000,102.666667
baseline,Baseline,0.55,3,42 43 44,0.613632,0.014496,0.854346,0.007574,0.598750,0.016383,0.011825,0.002861,0.012272,0.002957,0.629111,0.003507,0.006861,0.016232,5976.000000,70.666667
baseline,Baseline,0.60,3,42 43 44,0.576990,0.011804,0.873382,0.006150,0.547314,0.018462,0.007530,0.002499,0.007753,0.002404,0.662896,0.005227,0.003347,0.011379,5976.000000,45.000000
baseline,Baseline,0.65,3,42 43 44,0.513425,0.008144,0.891027,0.000988,0.476272,0.014501,0.003904,0.001076,0.003904,0.001076,0.701364,0.004457,0.001673,0.006191,5976.000000,23.333333
baseline,Baseline,0.70,3,42 43 44,0.444039,0.027389,0.912702,0.010257,0.399545,0.026882,0.001673,0.000335,0.001673,0.000335,0.737453,0.007674,0.000669,0.003012,5976.000000,10.000000
baseline,Baseline,0.75,3,42 43 44,0.338725,0.019679,0.926893,0.004375,0.302643,0.011532,0.000669,0.000168,0.000669,0.000168,0.766587,0.004876,0.000167,0.001506,5976.000000,4.000000
baseline,Baseline,0.80,3,42 43 44,0.220134,0.002538,0.936273,0.009169,0.195226,0.007813,0.000000,0.000000,0.000000,0.000000,nan,0.000000,0.000000,0.000000,5976.000000,0.000000
baseline,Baseline,0.85,3,42 43 44,0.094349,0.007086,0.937848,0.021456,0.089230,0.004848,0.000000,0.000000,0.000000,0.000000,nan,0.000000,0.000000,0.000000,5976.000000,0.000000
baseline,Baseline,0.90,3,42 43 44,0.009750,0.001107,0.966667,0.057735,0.009946,0.001969,0.000000,0.000000,0.000000,0.000000,nan,0.000000,0.000000,0.000000,5976.000000,0.000000
baseline,Baseline,0.95,3,42 43 44,0.000000,0.000000,0.000000,0.000000,0.000000,0.000000,0.000000,0.000000,0.000000,0.000000,nan,0.000000,0.000000,0.000000,5976.000000,0.000000
p1_clahe,P1 CLAHE,0.05,3,42 43 44,0.767630,0.002926,0.458120,0.013326,0.849389,0.001302,0.131693,0.003054,0.290998,0.005028,0.193206,0.009495,0.121653,0.141399,5976.000000,787.000000
p1_clahe,P1 CLAHE,0.10,3,42 43 44,0.758928,0.002537,0.543724,0.012154,0.829781,0.002740,0.100067,0.004223,0.175033,0.005368,0.274174,0.010056,0.090027,0.110107,5976.000000,598.000000
p1_clahe,P1 CLAHE,0.15,3,42 43 44,0.752201,0.001535,0.599755,0.010111,0.815573,0.003446,0.083780,0.004052,0.126450,0.007306,0.332433,0.006646,0.074130,0.092704,5976.000000,500.666667
p1_clahe,P1 CLAHE,0.20,3,42 43 44,0.743432,0.002320,0.643167,0.006947,0.797386,0.007736,0.070672,0.002228,0.097557,0.006219,0.379736,0.007613,0.063420,0.077979,5976.000000,422.333333
p1_clahe,P1 CLAHE,0.25,3,42 43 44,0.734674,0.004647,0.681975,0.009245,0.780904,0.005590,0.058847,0.003263,0.076584,0.005666,0.422541,0.007394,0.051205,0.066767,5976.000000,351.666667
p1_clahe,P1 CLAHE,0.30,3,42 43 44,0.724203,0.007582,0.716828,0.009144,0.764422,0.005676,0.049085,0.002484,0.060910,0.004826,0.460562,0.009491,0.042336,0.055723,5976.000000,293.333333
p1_clahe,P1 CLAHE,0.35,3,42 43 44,0.709887,0.004198,0.743053,0.012357,0.742256,0.002994,0.039715,0.002427,0.048026,0.004437,0.497032,0.008529,0.033635,0.046017,5976.000000,237.333333
p1_clahe,P1 CLAHE,0.40,3,42 43 44,0.693380,0.006655,0.769038,0.011052,0.720375,0.005185,0.032352,0.002272,0.038208,0.003854,0.528295,0.009502,0.026774,0.038153,5976.000000,193.333333
p1_clahe,P1 CLAHE,0.45,3,42 43 44,0.678313,0.012868,0.798782,0.008991,0.696789,0.011637,0.025156,0.003109,0.028614,0.004640,0.563893,0.010887,0.019746,0.031794,5976.000000,150.333333
p1_clahe,P1 CLAHE,0.50,3,42 43 44,0.655296,0.010094,0.822597,0.008852,0.664962,0.012295,0.019355,0.003832,0.021252,0.004123,0.595141,0.003300,0.012885,0.025268,5976.000000,115.666667
p1_clahe,P1 CLAHE,0.55,3,42 43 44,0.628026,0.015234,0.845735,0.001851,0.623188,0.022892,0.014000,0.002594,0.015172,0.002995,0.623500,0.005168,0.009203,0.018411,5976.000000,83.666667
p1_clahe,P1 CLAHE,0.60,3,42 43 44,0.583628,0.008490,0.862224,0.009847,0.564365,0.014791,0.008143,0.002010,0.008367,0.002264,0.663423,0.001056,0.004685,0.012048,5976.000000,48.666667
p1_clahe,P1 CLAHE,0.65,3,42 43 44,0.531787,0.016331,0.882505,0.007340,0.496448,0.018781,0.004406,0.000859,0.004406,0.000859,0.699127,0.005575,0.002510,0.006693,5976.000000,26.333333
p1_clahe,P1 CLAHE,0.70,3,42 43 44,0.447336,0.009549,0.903203,0.000893,0.410912,0.012558,0.001897,0.000587,0.001897,0.000587,0.734652,0.007477,0.000669,0.003514,5976.000000,11.333333
p1_clahe,P1 CLAHE,0.75,3,42 43 44,0.354600,0.008992,0.922749,0.008890,0.316567,0.014701,0.000614,0.000387,0.000614,0.000387,0.775106,0.010284,0.000000,0.001506,5976.000000,3.666667
p1_clahe,P1 CLAHE,0.80,3,42 43 44,0.221620,0.006358,0.932332,0.004221,0.195510,0.005414,0.000056,0.000096,0.000056,0.000096,0.801854,0.000000,0.000000,0.000502,5976.000000,0.333333
p1_clahe,P1 CLAHE,0.85,3,42 43 44,0.089884,0.008658,0.963056,0.021660,0.082125,0.003445,0.000000,0.000000,0.000000,0.000000,nan,0.000000,0.000000,0.000000,5976.000000,0.000000
p1_clahe,P1 CLAHE,0.90,3,42 43 44,0.012360,0.005762,1.000000,0.000000,0.010514,0.004995,0.000000,0.000000,0.000000,0.000000,nan,0.000000,0.000000,0.000000,5976.000000,0.000000
p1_clahe,P1 CLAHE,0.95,3,42 43 44,0.000000,0.000000,0.000000,0.000000,0.000000,0.000000,0.000000,0.000000,0.000000,0.000000,nan,0.000000,0.000000,0.000000,5976.000000,0.000000
p2_illumination,P2 illumination,0.05,3,42 43 44,0.773652,0.007103,0.451195,0.016705,0.853367,0.006436,0.134315,0.009187,0.289882,0.029260,0.187396,0.005074,0.119478,0.150602,5976.000000,802.666667
p2_illumination,P2 illumination,0.10,3,42 43 44,0.765663,0.006164,0.539846,0.018131,0.834612,0.003073,0.101183,0.006373,0.173360,0.014873,0.266035,0.004700,0.089859,0.113956,5976.000000,604.666667
p2_illumination,P2 illumination,0.15,3,42 43 44,0.757816,0.008644,0.597516,0.014713,0.819267,0.001705,0.083166,0.006946,0.122602,0.011733,0.325814,0.008860,0.071285,0.095549,5976.000000,497.000000
p2_illumination,P2 illumination,0.20,3,42 43 44,0.748434,0.007484,0.640783,0.014767,0.802217,0.001476,0.068050,0.004784,0.091589,0.007070,0.377334,0.009913,0.059237,0.078146,5976.000000,406.666667
p2_illumination,P2 illumination,0.25,3,42 43 44,0.740217,0.007592,0.677315,0.013181,0.787440,0.005676,0.056839,0.004608,0.070894,0.006495,0.422400,0.013190,0.048193,0.065930,5976.000000,339.666667
p2_illumination,P2 illumination,0.30,3,42 43 44,0.729060,0.002183,0.710142,0.005042,0.767832,0.006048,0.047022,0.002029,0.056615,0.002684,0.459128,0.009337,0.040997,0.053380,5976.000000,281.000000
p2_illumination,P2 illumination,0.35,3,42 43 44,0.716120,0.003172,0.741200,0.004435,0.746235,0.004291,0.038599,0.001089,0.044288,0.001267,0.496966,0.008827,0.033467,0.043842,5976.000000,230.666667
p2_illumination,P2 illumination,0.40,3,42 43 44,0.701102,0.008071,0.774948,0.002580,0.724069,0.001775,0.031403,0.000791,0.035364,0.000843,0.528006,0.011376,0.026941,0.036145,5976.000000,187.666667
p2_illumination,P2 illumination,0.45,3,42 43 44,0.674614,0.013149,0.803155,0.004556,0.689684,0.006767,0.024097,0.000290,0.026941,0.000603,0.560394,0.013209,0.020248,0.028112,5976.000000,144.000000
p2_illumination,P2 illumination,0.50,3,42 43 44,0.645910,0.018524,0.827992,0.010475,0.648764,0.012026,0.017738,0.001171,0.019578,0.001339,0.591856,0.011083,0.013889,0.021586,5976.000000,106.000000
p2_illumination,P2 illumination,0.55,3,42 43 44,0.609267,0.022075,0.854056,0.006230,0.596192,0.020288,0.012271,0.001805,0.013108,0.001500,0.624847,0.013083,0.008367,0.016064,5976.000000,73.333333
p2_illumination,P2 illumination,0.60,3,42 43 44,0.563848,0.034614,0.877740,0.009678,0.537653,0.034790,0.007864,0.001534,0.008255,0.001423,0.655546,0.015286,0.004853,0.011044,5976.000000,47.000000
p2_illumination,P2 illumination,0.65,3,42 43 44,0.512441,0.038267,0.904229,0.007891,0.476556,0.038344,0.004072,0.001836,0.004239,0.002045,0.689492,0.001864,0.001171,0.007028,5976.000000,24.333333
p2_illumination,P2 illumination,0.70,3,42 43 44,0.430436,0.043739,0.911161,0.009308,0.390168,0.039844,0.001450,0.000755,0.001450,0.000755,0.729445,0.002601,0.000167,0.003012,5976.000000,8.666667
p2_illumination,P2 illumination,0.75,3,42 43 44,0.330527,0.045595,0.933946,0.003895,0.295823,0.036559,0.000279,0.000256,0.000279,0.000256,0.765327,0.008397,0.000000,0.001004,5976.000000,1.666667
p2_illumination,P2 illumination,0.80,3,42 43 44,0.205515,0.038045,0.944567,0.012430,0.180449,0.028382,0.000000,0.000000,0.000000,0.000000,nan,0.000000,0.000000,0.000000,5976.000000,0.000000
p2_illumination,P2 illumination,0.85,3,42 43 44,0.080804,0.011184,0.948259,0.011899,0.075874,0.013235,0.000000,0.000000,0.000000,0.000000,nan,0.000000,0.000000,0.000000,5976.000000,0.000000
p2_illumination,P2 illumination,0.90,3,42 43 44,0.014348,0.006878,0.987179,0.022206,0.016198,0.006767,0.000000,0.000000,0.000000,0.000000,nan,0.000000,0.000000,0.000000,5976.000000,0.000000
p2_illumination,P2 illumination,0.95,3,42 43 44,0.000000,0.000000,0.000000,0.000000,0.000000,0.000000,0.000000,0.000000,0.000000,0.000000,nan,0.000000,0.000000,0.000000,5976.000000,0.000000
p3_unsharp,P3 unsharp,0.05,3,42 43 44,0.769363,0.011074,0.451336,0.006901,0.848821,0.006399,0.132084,0.004568,0.277220,0.012718,0.186410,0.010959,0.120482,0.142738,5976.000000,789.333333
p3_unsharp,P3 unsharp,0.10,3,42 43 44,0.761947,0.011923,0.543574,0.014966,0.832339,0.011352,0.099621,0.007745,0.163599,0.015691,0.267018,0.008653,0.085174,0.111111,5976.000000,595.333333
p3_unsharp,P3 unsharp,0.15,3,42 43 44,0.754584,0.010431,0.608105,0.010995,0.815573,0.008873,0.080154,0.008511,0.114514,0.014095,0.329181,0.006576,0.065763,0.091867,5976.000000,479.000000
p3_unsharp,P3 unsharp,0.20,3,42 43 44,0.746033,0.011020,0.651877,0.018203,0.798522,0.009695,0.066823,0.007264,0.087294,0.011070,0.377986,0.008035,0.054384,0.077979,5976.000000,399.333333
p3_unsharp,P3 unsharp,0.25,3,42 43 44,0.738169,0.007694,0.685572,0.017026,0.783177,0.007921,0.055165,0.006837,0.066655,0.009353,0.426082,0.007790,0.043507,0.064926,5976.000000,329.666667
p3_unsharp,P3 unsharp,0.30,3,42 43 44,0.728464,0.008944,0.722122,0.018456,0.764990,0.009036,0.045794,0.006643,0.053436,0.008185,0.463932,0.007720,0.034639,0.054719,5976.000000,273.666667
p3_unsharp,P3 unsharp,0.35,3,42 43 44,0.714812,0.010073,0.752195,0.010940,0.745951,0.010682,0.036926,0.005356,0.042001,0.005942,0.501697,0.011953,0.027610,0.044679,5976.000000,220.666667
p3_unsharp,P3 unsharp,0.40,3,42 43 44,0.698657,0.013668,0.779619,0.008638,0.722932,0.015926,0.030288,0.005268,0.033412,0.005379,0.534515,0.010437,0.021419,0.038153,5976.000000,181.000000
p3_unsharp,P3 unsharp,0.45,3,42 43 44,0.677978,0.011590,0.803975,0.006426,0.691106,0.012364,0.024431,0.005547,0.026495,0.005573,0.564119,0.004727,0.015730,0.032129,5976.000000,146.000000
p3_unsharp,P3 unsharp,0.50,3,42 43 44,0.652410,0.013648,0.833679,0.007258,0.655016,0.017478,0.018686,0.004378,0.020025,0.004478,0.592698,0.002944,0.011881,0.025435,5976.000000,111.666667
p3_unsharp,P3 unsharp,0.55,3,42 43 44,0.623005,0.014648,0.849339,0.005182,0.611537,0.020572,0.012829,0.003272,0.013666,0.003480,0.625525,0.003687,0.007363,0.017905,5976.000000,76.666667
p3_unsharp,P3 unsharp,0.60,3,42 43 44,0.583369,0.020210,0.868188,0.009316,0.554703,0.026882,0.007753,0.002260,0.007865,0.002264,0.664274,0.006568,0.004183,0.012048,5976.000000,46.333333
p3_unsharp,P3 unsharp,0.65,3,42 43 44,0.520813,0.033904,0.896446,0.010649,0.477692,0.031281,0.004351,0.000604,0.004351,0.000604,0.696442,0.001342,0.002510,0.006359,5976.000000,26.000000
p3_unsharp,P3 unsharp,0.70,3,42 43 44,0.451648,0.033423,0.918461,0.002908,0.402672,0.031558,0.001562,0.000421,0.001562,0.000421,0.734178,0.004912,0.000502,0.002845,5976.000000,9.333333
p3_unsharp,P3 unsharp,0.75,3,42 43 44,0.355466,0.033342,0.922353,0.001255,0.310884,0.035122,0.000446,0.000256,0.000446,0.000256,0.768790,0.006884,0.000000,0.001171,5976.000000,2.666667
p3_unsharp,P3 unsharp,0.80,3,42 43 44,0.235072,0.025029,0.933430,0.004407,0.204035,0.027761,0.000056,0.000096,0.000056,0.000096,0.819529,0.000000,0.000000,0.000502,5976.000000,0.333333
p3_unsharp,P3 unsharp,0.85,3,42 43 44,0.102989,0.016967,0.957247,0.009059,0.093492,0.017561,0.000000,0.000000,0.000000,0.000000,nan,0.000000,0.000000,0.000000,5976.000000,0.000000
p3_unsharp,P3 unsharp,0.90,3,42 43 44,0.023157,0.007509,0.979724,0.017656,0.021029,0.010962,0.000000,0.000000,0.000000,0.000000,nan,0.000000,0.000000,0.000000,5976.000000,0.000000
p3_unsharp,P3 unsharp,0.95,3,42 43 44,0.000372,0.000644,0.333333,0.577350,0.000284,0.000492,0.000000,0.000000,0.000000,0.000000,nan,0.000000,0.000000,0.000000,5976.000000,0.000000
a1_crop,A1 crop,0.05,3,42 43 44,0.772806,0.001680,0.414625,0.002658,0.858198,0.002994,0.173305,0.012511,0.393016,0.032098,0.195521,0.015166,0.155790,0.194444,5976.000000,1035.666667
a1_crop,A1 crop,0.10,3,42 43 44,0.767905,0.001027,0.511181,0.002297,0.845411,0.003446,0.135821,0.011804,0.237784,0.024884,0.277439,0.019893,0.120147,0.155622,5976.000000,811.666667
a1_crop,A1 crop,0.15,3,42 43 44,0.760910,0.003851,0.570677,0.008281,0.830634,0.005677,0.112673,0.011107,0.171687,0.025493,0.337518,0.018297,0.098226,0.131359,5976.000000,673.333333
a1_crop,A1 crop,0.20,3,42 43 44,0.750504,0.002157,0.615948,0.006934,0.808753,0.005676,0.096218,0.011899,0.133423,0.024387,0.384813,0.016392,0.081493,0.115462,5976.000000,575.000000
a1_crop,A1 crop,0.25,3,42 43 44,0.743255,0.004331,0.653240,0.009683,0.792839,0.008859,0.081939,0.011701,0.105645,0.021716,0.427363,0.016606,0.068106,0.100736,5976.000000,489.666667
a1_crop,A1 crop,0.30,3,42 43 44,0.735735,0.004914,0.685838,0.011747,0.777209,0.009195,0.069054,0.012592,0.084895,0.019701,0.465300,0.015784,0.055890,0.088688,5976.000000,412.666667
a1_crop,A1 crop,0.35,3,42 43 44,0.723332,0.007454,0.718179,0.013182,0.759307,0.010591,0.057006,0.012422,0.068273,0.018321,0.500025,0.014278,0.044511,0.076138,5976.000000,340.666667
a1_crop,A1 crop,0.40,3,42 43 44,0.710384,0.007880,0.749151,0.014356,0.737710,0.014576,0.047524,0.013370,0.055444,0.018104,0.530513,0.008812,0.032631,0.066767,5976.000000,284.000000
a1_crop,A1 crop,0.45,3,42 43 44,0.690383,0.008437,0.777432,0.013244,0.706451,0.012911,0.037595,0.010372,0.042559,0.013578,0.562118,0.010732,0.026606,0.053380,5976.000000,224.666667
a1_crop,A1 crop,0.50,3,42 43 44,0.663431,0.010495,0.806609,0.013382,0.666951,0.016273,0.028670,0.010413,0.031961,0.013081,0.592587,0.005747,0.019076,0.044344,5976.000000,171.333333
a1_crop,A1 crop,0.55,3,42 43 44,0.632975,0.012604,0.834068,0.006425,0.619778,0.019271,0.020359,0.009044,0.021698,0.010088,0.626094,0.002904,0.011379,0.033802,5976.000000,121.666667
a1_crop,A1 crop,0.60,3,42 43 44,0.595952,0.008292,0.859462,0.001155,0.566638,0.016317,0.012550,0.006041,0.012941,0.006578,0.663304,0.003082,0.006359,0.021921,5976.000000,75.000000
a1_crop,A1 crop,0.65,3,42 43 44,0.534994,0.009732,0.877244,0.004692,0.491901,0.018344,0.007028,0.003135,0.007140,0.003323,0.694098,0.006449,0.003347,0.012550,5976.000000,42.000000
a1_crop,A1 crop,0.70,3,42 43 44,0.459607,0.018290,0.896382,0.002644,0.413186,0.017142,0.002677,0.001171,0.002677,0.001171,0.735530,0.002952,0.001004,0.005187,5976.000000,16.000000
a1_crop,A1 crop,0.75,3,42 43 44,0.360398,0.017926,0.917042,0.005496,0.321114,0.017478,0.000669,0.000442,0.000669,0.000442,0.774488,0.004644,0.000000,0.001841,5976.000000,4.000000
a1_crop,A1 crop,0.80,3,42 43 44,0.220995,0.012949,0.940311,0.009248,0.201194,0.011181,0.000000,0.000000,0.000000,0.000000,nan,0.000000,0.000000,0.000000,5976.000000,0.000000
a1_crop,A1 crop,0.85,3,42 43 44,0.086447,0.007380,0.958664,0.012223,0.084683,0.005414,0.000000,0.000000,0.000000,0.000000,nan,0.000000,0.000000,0.000000,5976.000000,0.000000
a1_crop,A1 crop,0.90,3,42 43 44,0.009162,0.003735,1.000000,0.000000,0.010514,0.003844,0.000000,0.000000,0.000000,0.000000,nan,0.000000,0.000000,0.000000,5976.000000,0.000000
a1_crop,A1 crop,0.95,3,42 43 44,0.000000,0.000000,0.000000,0.000000,0.000000,0.000000,0.000000,0.000000,0.000000,0.000000,nan,0.000000,0.000000,0.000000,5976.000000,0.000000
a2_colorjitter,A2 colour jitter,0.05,3,42 43 44,0.766850,0.001666,0.450183,0.006491,0.856209,0.005209,0.131861,0.003647,0.287148,0.007974,0.190976,0.005715,0.121319,0.141901,5976.000000,788.000000
a2_colorjitter,A2 colour jitter,0.10,3,42 43 44,0.757768,0.003100,0.535288,0.007299,0.835180,0.008582,0.100401,0.002476,0.172412,0.009965,0.271360,0.002345,0.092035,0.109270,5976.000000,600.000000
a2_colorjitter,A2 colour jitter,0.15,3,42 43 44,0.749129,0.002802,0.596098,0.003895,0.816993,0.007350,0.082720,0.004031,0.122044,0.007973,0.332721,0.003540,0.074130,0.092704,5976.000000,494.333333
a2_colorjitter,A2 colour jitter,0.20,3,42 43 44,0.739946,0.005092,0.641305,0.002726,0.800227,0.007150,0.069110,0.003900,0.093429,0.006355,0.381745,0.008681,0.060910,0.078481,5976.000000,413.000000
a2_colorjitter,A2 colour jitter,0.25,3,42 43 44,0.731654,0.003562,0.678796,0.004430,0.784882,0.005209,0.057954,0.002132,0.072903,0.003925,0.426005,0.007856,0.051372,0.064926,5976.000000,346.333333
a2_colorjitter,A2 colour jitter,0.30,3,42 43 44,0.720512,0.001688,0.708013,0.005016,0.766127,0.001775,0.048528,0.001263,0.058791,0.002871,0.462175,0.008903,0.042838,0.054384,5976.000000,290.000000
a2_colorjitter,A2 colour jitter,0.35,3,42 43 44,0.708550,0.002498,0.737157,0.005055,0.744246,0.002256,0.039938,0.002726,0.046408,0.004264,0.499686,0.006531,0.033300,0.046185,5976.000000,238.666667
a2_colorjitter,A2 colour jitter,0.40,3,42 43 44,0.691483,0.001061,0.762098,0.006712,0.718954,0.002146,0.031850,0.001844,0.036200,0.002976,0.534833,0.006644,0.026606,0.037316,5976.000000,190.333333
a2_colorjitter,A2 colour jitter,0.45,3,42 43 44,0.671489,0.002206,0.792258,0.010773,0.689969,0.000984,0.024487,0.002438,0.027108,0.002974,0.571870,0.007426,0.019076,0.029786,5976.000000,146.333333
a2_colorjitter,A2 colour jitter,0.50,3,42 43 44,0.650036,0.004289,0.814833,0.009482,0.657289,0.005186,0.019523,0.001866,0.020694,0.002228,0.600902,0.008629,0.015060,0.023929,5976.000000,116.666667
a2_colorjitter,A2 colour jitter,0.55,3,42 43 44,0.619278,0.003897,0.838652,0.005860,0.614095,0.010659,0.013833,0.001443,0.014391,0.001930,0.633874,0.005328,0.010375,0.017738,5976.000000,82.666667
a2_colorjitter,A2 colour jitter,0.60,3,42 43 44,0.579842,0.006996,0.860263,0.009884,0.558966,0.009880,0.009594,0.001866,0.009817,0.002247,0.662571,0.001820,0.006359,0.013722,5976.000000,57.333333
a2_colorjitter,A2 colour jitter,0.65,3,42 43 44,0.531414,0.010846,0.884143,0.007986,0.493606,0.011935,0.005076,0.001300,0.005187,0.001488,0.696745,0.003469,0.002845,0.008032,5976.000000,30.333333
a2_colorjitter,A2 colour jitter,0.70,3,42 43 44,0.456609,0.012418,0.911403,0.006398,0.414606,0.021319,0.001618,0.000193,0.001618,0.000193,0.744900,0.007203,0.000669,0.002845,5976.000000,9.666667
a2_colorjitter,A2 colour jitter,0.75,3,42 43 44,0.356600,0.018920,0.922597,0.005046,0.317420,0.027285,0.000781,0.000097,0.000781,0.000097,0.774062,0.003426,0.000167,0.001506,5976.000000,4.666667
a2_colorjitter,A2 colour jitter,0.80,3,42 43 44,0.243105,0.018110,0.934603,0.008823,0.216255,0.021302,0.000056,0.000096,0.000056,0.000096,0.847559,0.000000,0.000000,0.000502,5976.000000,0.333333
a2_colorjitter,A2 colour jitter,0.85,3,42 43 44,0.111883,0.013071,0.938009,0.011863,0.100597,0.013957,0.000000,0.000000,0.000000,0.000000,nan,0.000000,0.000000,0.000000,5976.000000,0.000000
a2_colorjitter,A2 colour jitter,0.90,3,42 43 44,0.027296,0.007114,1.000000,0.000000,0.023586,0.005481,0.000000,0.000000,0.000000,0.000000,nan,0.000000,0.000000,0.000000,5976.000000,0.000000
a2_colorjitter,A2 colour jitter,0.95,3,42 43 44,0.000000,0.000000,0.000000,0.000000,0.000000,0.000000,0.000000,0.000000,0.000000,0.000000,nan,0.000000,0.000000,0.000000,5976.000000,0.000000
p4_a4_combined,P4+A4 combined,0.05,3,42 43 44,0.759472,0.007099,0.406534,0.010325,0.852231,0.004375,0.213298,0.019436,0.509650,0.054590,0.198775,0.007412,0.183568,0.234438,5976.000000,1274.666667
p4_a4_combined,P4+A4 combined,0.10,3,42 43 44,0.754088,0.006782,0.494389,0.009834,0.836886,0.006398,0.165328,0.014966,0.309683,0.034540,0.281425,0.009057,0.141566,0.183568,5976.000000,988.000000
p4_a4_combined,P4+A4 combined,0.15,3,42 43 44,0.747048,0.003745,0.553370,0.006613,0.821256,0.001302,0.137494,0.012365,0.220716,0.024495,0.345415,0.010767,0.117303,0.153782,5976.000000,821.666667
p4_a4_combined,P4+A4 combined,0.20,3,42 43 44,0.741953,0.002505,0.599105,0.004965,0.811878,0.000492,0.117024,0.010605,0.171854,0.019335,0.394478,0.010468,0.099565,0.132028,5976.000000,699.333333
p4_a4_combined,P4+A4 combined,0.25,3,42 43 44,0.735622,0.001866,0.636272,0.004854,0.798238,0.004029,0.101963,0.009878,0.138610,0.017931,0.435712,0.008708,0.086011,0.116466,5976.000000,609.333333
p4_a4_combined,P4+A4 combined,0.30,3,42 43 44,0.728671,0.000988,0.668001,0.004814,0.782609,0.005115,0.086903,0.009772,0.113175,0.015641,0.472268,0.009250,0.071285,0.100736,5976.000000,519.333333
p4_a4_combined,P4+A4 combined,0.35,3,42 43 44,0.718399,0.006201,0.698478,0.006686,0.765274,0.009430,0.073907,0.009185,0.092258,0.013947,0.505858,0.008616,0.059404,0.087015,5976.000000,441.666667
p4_a4_combined,P4+A4 combined,0.40,3,42 43 44,0.704231,0.005260,0.723778,0.014025,0.742256,0.007688,0.062137,0.008256,0.074744,0.012823,0.536558,0.007003,0.049029,0.074632,5976.000000,371.333333
p4_a4_combined,P4+A4 combined,0.45,3,42 43 44,0.688146,0.004377,0.752375,0.019428,0.714123,0.006455,0.049866,0.007125,0.058010,0.010544,0.569407,0.008221,0.039157,0.061580,5976.000000,298.000000
p4_a4_combined,P4+A4 combined,0.50,3,42 43 44,0.667806,0.004236,0.782805,0.019106,0.679454,0.005968,0.039547,0.007283,0.044344,0.009315,0.599517,0.006044,0.028782,0.050535,5976.000000,236.333333
p4_a4_combined,P4+A4 combined,0.55,3,42 43 44,0.644785,0.005531,0.811518,0.022914,0.641091,0.007432,0.028001,0.007249,0.030790,0.008658,0.633695,0.003010,0.017403,0.037818,5976.000000,167.333333
p4_a4_combined,P4+A4 combined,0.60,3,42 43 44,0.609896,0.011047,0.841676,0.014908,0.593066,0.018370,0.018630,0.005065,0.020248,0.005871,0.664857,0.005905,0.011044,0.026104,5976.000000,111.333333
p4_a4_combined,P4+A4 combined,0.65,3,42 43 44,0.554680,0.019089,0.866609,0.010838,0.522592,0.022604,0.010319,0.002439,0.010598,0.002684,0.701997,0.002267,0.006359,0.015060,5976.000000,61.666667
p4_a4_combined,P4+A4 combined,0.70,3,42 43 44,0.474414,0.032107,0.889598,0.011097,0.437056,0.030265,0.004462,0.001363,0.004462,0.001363,0.742828,0.004014,0.002343,0.007530,5976.000000,26.666667
p4_a4_combined,P4+A4 combined,0.75,3,42 43 44,0.385789,0.036742,0.916459,0.007765,0.352373,0.036967,0.001617,0.000421,0.001617,0.000421,0.778353,0.012287,0.000502,0.003012,5976.000000,9.666667
p4_a4_combined,P4+A4 combined,0.80,3,42 43 44,0.255322,0.037518,0.934999,0.003747,0.232452,0.028839,0.000223,0.000256,0.000223,0.000256,0.835193,0.020610,0.000000,0.001004,5976.000000,1.333333
p4_a4_combined,P4+A4 combined,0.85,3,42 43 44,0.099605,0.030857,0.920483,0.014410,0.097187,0.022555,0.000056,0.000096,0.000056,0.000096,0.885814,0.000000,0.000000,0.000502,5976.000000,0.333333
p4_a4_combined,P4+A4 combined,0.90,3,42 43 44,0.016796,0.002889,0.965674,0.032456,0.021029,0.003844,0.000000,0.000000,0.000000,0.000000,nan,0.000000,0.000000,0.000000,5976.000000,0.000000
p4_a4_combined,P4+A4 combined,0.95,3,42 43 44,0.000000,0.000000,0.000000,0.000000,0.000000,0.000000,0.000000,0.000000,0.000000,0.000000,nan,0.000000,0.000000,0.000000,5976.000000,0.000000
