job_id,variant,seed,data_yaml,output_dir,best_pt,best_sha256,last_pt,last_sha256,missing,status
vnwoodknot_baseline_seed42,baseline,42,/workspace/data/datasets_frcnn_rebuilt/canonical/vnwoodknot/dataset.yaml,/workspace/generations/access_r1_g3_fasterrcnn/fasterrcnn/vnwoodknot/per_seed/runs/baseline_seed42,/workspace/generations/access_r1_g3_fasterrcnn/fasterrcnn/vnwoodknot/per_seed/runs/baseline_seed42/weights/best.pt,e721eda48e49773da72e8bd5ec9b3a2b72881f7911152c8104f54c4586aef4d9,/workspace/generations/access_r1_g3_fasterrcnn/fasterrcnn/vnwoodknot/per_seed/runs/baseline_seed42/weights/last.pt,ed72d747809c75c820cc22571c3c4be190e0cdc4fef2c3802ba6b8f1f4589631,,PASS
vnwoodknot_baseline_seed43,baseline,43,/workspace/data/datasets_frcnn_rebuilt/canonical/vnwoodknot/dataset.yaml,/workspace/generations/access_r1_g3_fasterrcnn/fasterrcnn/vnwoodknot/per_seed/runs/baseline_seed43,/workspace/generations/access_r1_g3_fasterrcnn/fasterrcnn/vnwoodknot/per_seed/runs/baseline_seed43/weights/best.pt,d976fde60a03817fab840e03a05fafe1cca3fd3e5623b614297e7e32fd8d51b6,/workspace/generations/access_r1_g3_fasterrcnn/fasterrcnn/vnwoodknot/per_seed/runs/baseline_seed43/weights/last.pt,0b838a5c4d087d9d6773eb4e3ecd024f04177af31ce355f5f6ec2ab5ee63abc3,,PASS
vnwoodknot_baseline_seed44,baseline,44,/workspace/data/datasets_frcnn_rebuilt/canonical/vnwoodknot/dataset.yaml,/workspace/generations/access_r1_g3_fasterrcnn/fasterrcnn/vnwoodknot/per_seed/runs/baseline_seed44,/workspace/generations/access_r1_g3_fasterrcnn/fasterrcnn/vnwoodknot/per_seed/runs/baseline_seed44/weights/best.pt,c3037e1afc75c0f1e5d8012f9e0d2491ce6c73f4a72ca5b374f63c734ef8e0bb,/workspace/generations/access_r1_g3_fasterrcnn/fasterrcnn/vnwoodknot/per_seed/runs/baseline_seed44/weights/last.pt,883003e3dd5d90af8716674068cca88621272461655eb05b297711fffcb9e96f,,PASS
vnwoodknot_a1_crop_seed42,a1_crop,42,/workspace/data/datasets_frcnn_rebuilt/variants/vnwoodknot/augmentation/seed42/A1_defect_preserving_crop/dataset.yaml,/workspace/generations/access_r1_g3_fasterrcnn/fasterrcnn/vnwoodknot/per_seed/runs/a1_crop_seed42,/workspace/generations/access_r1_g3_fasterrcnn/fasterrcnn/vnwoodknot/per_seed/runs/a1_crop_seed42/weights/best.pt,628c156851337d5d21710ceb5855436de45b1554de5042c00acf0d24484b9307,/workspace/generations/access_r1_g3_fasterrcnn/fasterrcnn/vnwoodknot/per_seed/runs/a1_crop_seed42/weights/last.pt,41db0c8f82d968b0d213818e01e16ebb34ed9aaddb11df21218dac82deb56651,,PASS
vnwoodknot_a1_crop_seed43,a1_crop,43,/workspace/data/datasets_frcnn_rebuilt/variants/vnwoodknot/augmentation/seed43/A1_defect_preserving_crop/dataset.yaml,/workspace/generations/access_r1_g3_fasterrcnn/fasterrcnn/vnwoodknot/per_seed/runs/a1_crop_seed43,/workspace/generations/access_r1_g3_fasterrcnn/fasterrcnn/vnwoodknot/per_seed/runs/a1_crop_seed43/weights/best.pt,38abeb93141248c47d15e3a7c60e8b9dbb8060ee8d492c90ad5c481764f2f852,/workspace/generations/access_r1_g3_fasterrcnn/fasterrcnn/vnwoodknot/per_seed/runs/a1_crop_seed43/weights/last.pt,557337993cd8a4d98a26000af24012e77761128e3c7811d0f11779e81ede9d01,,PASS
vnwoodknot_a1_crop_seed44,a1_crop,44,/workspace/data/datasets_frcnn_rebuilt/variants/vnwoodknot/augmentation/seed44/A1_defect_preserving_crop/dataset.yaml,/workspace/generations/access_r1_g3_fasterrcnn/fasterrcnn/vnwoodknot/per_seed/runs/a1_crop_seed44,/workspace/generations/access_r1_g3_fasterrcnn/fasterrcnn/vnwoodknot/per_seed/runs/a1_crop_seed44/weights/best.pt,1eada2e5717ceb51ae42dc77b5daf3f5f23e1437910a3415a0d755d0de57990c,/workspace/generations/access_r1_g3_fasterrcnn/fasterrcnn/vnwoodknot/per_seed/runs/a1_crop_seed44/weights/last.pt,1034acd774ad70a0e9b2a24b98223425c38a948341508ec1fa9ef2edcc763114,,PASS
vnwoodknot_a2_colorjitter_seed42,a2_colorjitter,42,/workspace/data/datasets_frcnn_rebuilt/variants/vnwoodknot/augmentation/seed42/A2_texture_aware_color_jitter/dataset.yaml,/workspace/generations/access_r1_g3_fasterrcnn/fasterrcnn/vnwoodknot/per_seed/runs/a2_colorjitter_seed42,/workspace/generations/access_r1_g3_fasterrcnn/fasterrcnn/vnwoodknot/per_seed/runs/a2_colorjitter_seed42/weights/best.pt,fa9bad31539c44d82f625273dacbb9ace1e6858799cc93df2927cb1b0cb11d70,/workspace/generations/access_r1_g3_fasterrcnn/fasterrcnn/vnwoodknot/per_seed/runs/a2_colorjitter_seed42/weights/last.pt,6cd278cf86bfa4de16ef79aea488e024c725839cfc7447252e547981f0803118,,PASS
vnwoodknot_a2_colorjitter_seed43,a2_colorjitter,43,/workspace/data/datasets_frcnn_rebuilt/variants/vnwoodknot/augmentation/seed43/A2_texture_aware_color_jitter/dataset.yaml,/workspace/generations/access_r1_g3_fasterrcnn/fasterrcnn/vnwoodknot/per_seed/runs/a2_colorjitter_seed43,/workspace/generations/access_r1_g3_fasterrcnn/fasterrcnn/vnwoodknot/per_seed/runs/a2_colorjitter_seed43/weights/best.pt,6cece719774e321285147de7f61bd17e96271975fdc8b120dcc019495e9ee869,/workspace/generations/access_r1_g3_fasterrcnn/fasterrcnn/vnwoodknot/per_seed/runs/a2_colorjitter_seed43/weights/last.pt,54d29b7c0e159e04de114504239433b11b1c721cde11ee8cc6f37a9bb4e3f563,,PASS
vnwoodknot_a2_colorjitter_seed44,a2_colorjitter,44,/workspace/data/datasets_frcnn_rebuilt/variants/vnwoodknot/augmentation/seed44/A2_texture_aware_color_jitter/dataset.yaml,/workspace/generations/access_r1_g3_fasterrcnn/fasterrcnn/vnwoodknot/per_seed/runs/a2_colorjitter_seed44,/workspace/generations/access_r1_g3_fasterrcnn/fasterrcnn/vnwoodknot/per_seed/runs/a2_colorjitter_seed44/weights/best.pt,6b8ecece09e51e19b963b26d10ece8d7506d556ad7e1c9b24f71d9e7f0b2841e,/workspace/generations/access_r1_g3_fasterrcnn/fasterrcnn/vnwoodknot/per_seed/runs/a2_colorjitter_seed44/weights/last.pt,4e613a2aa2fb66f3af49a67422640a35037038f02e2051f32a7d8a0821f10ea0,,PASS
