dataset,epsilon,metric,rank,variant,value,rank_change_from_epsilon0,spearman_vs_epsilon0
vnwoodknot,0.0,retained_mAP50,1,p3_unsharp,0.8195436416273404,0,1.0
vnwoodknot,0.0,retained_mAP50,2,p2_illumination,0.8178315459714511,0,1.0
vnwoodknot,0.0,retained_mAP50,3,a2_colorjitter,0.8090479314094726,0,1.0
vnwoodknot,0.0,retained_mAP50,4,baseline,0.8032965357395266,0,1.0
vnwoodknot,0.0,retained_mAP50,5,p1_clahe,0.7892499578724446,0,1.0
vnwoodknot,0.0,retained_mAP50,6,a1_crop,0.7674015905604565,0,1.0
vnwoodknot,0.0,retained_mAP50,7,p4_a4_combined,0.29487127371273714,0,1.0
vnwoodknot,0.0,retained_recall,1,a2_colorjitter,0.9483870967741935,,
vnwoodknot,0.0,retained_recall,2,baseline,0.9397849462365592,,
vnwoodknot,0.0,retained_recall,3,p3_unsharp,0.9397849462365591,,
vnwoodknot,0.0,retained_recall,4,p1_clahe,0.9225806451612903,,
vnwoodknot,0.0,retained_recall,5,p2_illumination,0.913978494623656,,
vnwoodknot,0.0,retained_recall,6,a1_crop,0.8451612903225807,,
vnwoodknot,0.0,retained_recall,7,p4_a4_combined,0.2946236559139785,,
vnwoodknot,0.01,retained_mAP50,1,p4_a4_combined,0.8407470844952626,6,0.1785714285714286
vnwoodknot,0.01,retained_mAP50,2,p2_illumination,0.8332840723082018,0,0.1785714285714286
vnwoodknot,0.01,retained_mAP50,3,p3_unsharp,0.8195436416273404,-2,0.1785714285714286
vnwoodknot,0.01,retained_mAP50,4,baseline,0.8098847958641725,0,0.1785714285714286
vnwoodknot,0.01,retained_mAP50,5,a2_colorjitter,0.8090479314094726,-2,0.1785714285714286
vnwoodknot,0.01,retained_mAP50,6,p1_clahe,0.7962543566914121,-1,0.1785714285714286
vnwoodknot,0.01,retained_mAP50,7,a1_crop,0.7892122292387005,-1,0.1785714285714286
vnwoodknot,0.01,retained_recall,1,baseline,0.9548387096774194,,
vnwoodknot,0.01,retained_recall,2,p2_illumination,0.9483870967741935,,
vnwoodknot,0.01,retained_recall,3,a2_colorjitter,0.9483870967741935,,
vnwoodknot,0.01,retained_recall,4,p1_clahe,0.9419354838709677,,
vnwoodknot,0.01,retained_recall,5,p3_unsharp,0.9397849462365591,,
vnwoodknot,0.01,retained_recall,6,p4_a4_combined,0.9204301075268817,,
vnwoodknot,0.01,retained_recall,7,a1_crop,0.875268817204301,,
vnwoodknot,0.02,retained_mAP50,1,p4_a4_combined,0.8407470844952626,6,0.1785714285714286
vnwoodknot,0.02,retained_mAP50,2,p2_illumination,0.8332840723082018,0,0.1785714285714286
vnwoodknot,0.02,retained_mAP50,3,p3_unsharp,0.8195436416273404,-2,0.1785714285714286
vnwoodknot,0.02,retained_mAP50,4,baseline,0.8098847958641725,0,0.1785714285714286
vnwoodknot,0.02,retained_mAP50,5,a2_colorjitter,0.8090479314094726,-2,0.1785714285714286
vnwoodknot,0.02,retained_mAP50,6,p1_clahe,0.7962543566914121,-1,0.1785714285714286
vnwoodknot,0.02,retained_mAP50,7,a1_crop,0.7892122292387005,-1,0.1785714285714286
vnwoodknot,0.02,retained_recall,1,baseline,0.9548387096774194,,
vnwoodknot,0.02,retained_recall,2,p2_illumination,0.9483870967741935,,
vnwoodknot,0.02,retained_recall,3,a2_colorjitter,0.9483870967741935,,
vnwoodknot,0.02,retained_recall,4,p1_clahe,0.9419354838709677,,
vnwoodknot,0.02,retained_recall,5,p3_unsharp,0.9397849462365591,,
vnwoodknot,0.02,retained_recall,6,p4_a4_combined,0.9204301075268817,,
vnwoodknot,0.02,retained_recall,7,a1_crop,0.875268817204301,,
vnwoodknot,0.05,retained_mAP50,1,p4_a4_combined,0.8407470844952626,6,0.1785714285714286
vnwoodknot,0.05,retained_mAP50,2,p2_illumination,0.8332840723082018,0,0.1785714285714286
vnwoodknot,0.05,retained_mAP50,3,p3_unsharp,0.8195436416273404,-2,0.1785714285714286
vnwoodknot,0.05,retained_mAP50,4,baseline,0.8098847958641725,0,0.1785714285714286
vnwoodknot,0.05,retained_mAP50,5,a2_colorjitter,0.8090479314094726,-2,0.1785714285714286
vnwoodknot,0.05,retained_mAP50,6,p1_clahe,0.7962543566914121,-1,0.1785714285714286
vnwoodknot,0.05,retained_mAP50,7,a1_crop,0.7957386276032142,-1,0.1785714285714286
vnwoodknot,0.05,retained_recall,1,baseline,0.9548387096774194,,
vnwoodknot,0.05,retained_recall,2,p2_illumination,0.9483870967741935,,
vnwoodknot,0.05,retained_recall,3,a2_colorjitter,0.9483870967741935,,
vnwoodknot,0.05,retained_recall,4,p1_clahe,0.9419354838709677,,
vnwoodknot,0.05,retained_recall,5,p3_unsharp,0.9397849462365591,,
vnwoodknot,0.05,retained_recall,6,p4_a4_combined,0.9204301075268817,,
vnwoodknot,0.05,retained_recall,7,a1_crop,0.8881720430107527,,
vsb_rarefirst,0.0,retained_mAP50,1,p2_illumination,0.34024692051394306,0,1.0
vsb_rarefirst,0.0,retained_mAP50,2,p3_unsharp,0.2548285251044999,0,1.0
vsb_rarefirst,0.0,retained_mAP50,3,p1_clahe,0.24544563288471474,0,1.0
vsb_rarefirst,0.0,retained_mAP50,4,a1_crop,0.23466791093884637,0,1.0
vsb_rarefirst,0.0,retained_mAP50,5,p4_a4_combined,0.2186554533070879,0,1.0
vsb_rarefirst,0.0,retained_mAP50,6,a2_colorjitter,0.2163680939033028,0,1.0
vsb_rarefirst,0.0,retained_mAP50,7,baseline,0.09333224144829766,0,1.0
vsb_rarefirst,0.0,retained_recall,1,p2_illumination,0.302358624609264,,
vsb_rarefirst,0.0,retained_recall,2,p3_unsharp,0.22250639386189258,,
vsb_rarefirst,0.0,retained_recall,3,p1_clahe,0.21256038647342995,,
vsb_rarefirst,0.0,retained_recall,4,a1_crop,0.20517192384200056,,
vsb_rarefirst,0.0,retained_recall,5,a2_colorjitter,0.18868996874111965,,
vsb_rarefirst,0.0,retained_recall,6,p4_a4_combined,0.18357487922705315,,
vsb_rarefirst,0.0,retained_recall,7,baseline,0.09121909633418585,,
vsb_rarefirst,0.01,retained_mAP50,1,baseline,0.6379202217870985,6,0.03571428571428572
vsb_rarefirst,0.01,retained_mAP50,2,p1_clahe,0.605151869152043,1,0.03571428571428572
vsb_rarefirst,0.01,retained_mAP50,3,p2_illumination,0.5996542847944007,-2,0.03571428571428572
vsb_rarefirst,0.01,retained_mAP50,4,p3_unsharp,0.5980941958017755,-2,0.03571428571428572
vsb_rarefirst,0.01,retained_mAP50,5,a2_colorjitter,0.5759310704282283,1,0.03571428571428572
vsb_rarefirst,0.01,retained_mAP50,6,a1_crop,0.5416227224283638,-2,0.03571428571428572
vsb_rarefirst,0.01,retained_mAP50,7,p4_a4_combined,0.5415273331957791,-2,0.03571428571428572
vsb_rarefirst,0.01,retained_recall,1,baseline,0.6197783461210571,,
vsb_rarefirst,0.01,retained_recall,2,p1_clahe,0.5862460926399545,,
vsb_rarefirst,0.01,retained_recall,3,p3_unsharp,0.5703324808184143,,
vsb_rarefirst,0.01,retained_recall,4,p2_illumination,0.5680591077010515,,
vsb_rarefirst,0.01,retained_recall,5,a2_colorjitter,0.5407786302926968,,
vsb_rarefirst,0.01,retained_recall,6,p4_a4_combined,0.49815288434214267,,
vsb_rarefirst,0.01,retained_recall,7,a1_crop,0.49673202614379086,,
vsb_rarefirst,0.02,retained_mAP50,1,a2_colorjitter,0.6810348862300639,5,-0.28571428571428575
vsb_rarefirst,0.02,retained_mAP50,2,baseline,0.6707571582492692,5,-0.28571428571428575
vsb_rarefirst,0.02,retained_mAP50,3,p2_illumination,0.6699131682127026,-2,-0.28571428571428575
vsb_rarefirst,0.02,retained_mAP50,4,p1_clahe,0.6661754710547542,-1,-0.28571428571428575
vsb_rarefirst,0.02,retained_mAP50,5,p3_unsharp,0.6624136606567134,-3,-0.28571428571428575
vsb_rarefirst,0.02,retained_mAP50,6,a1_crop,0.6059323298308316,-2,-0.28571428571428575
vsb_rarefirst,0.02,retained_mAP50,7,p4_a4_combined,0.5946033366295906,-2,-0.28571428571428575
vsb_rarefirst,0.02,retained_recall,1,a2_colorjitter,0.6871270247229326,,
vsb_rarefirst,0.02,retained_recall,2,p1_clahe,0.6729184427394146,,
vsb_rarefirst,0.02,retained_recall,3,baseline,0.6649616368286445,,
vsb_rarefirst,0.02,retained_recall,4,p3_unsharp,0.6635407786302927,,
vsb_rarefirst,0.02,retained_recall,5,p2_illumination,0.6632566069906224,,
vsb_rarefirst,0.02,retained_recall,6,a1_crop,0.5774367718101733,,
vsb_rarefirst,0.02,retained_recall,7,p4_a4_combined,0.5680591077010514,,
vsb_rarefirst,0.05,retained_mAP50,1,p2_illumination,0.7414536826637208,0,0.25
vsb_rarefirst,0.05,retained_mAP50,2,baseline,0.7371439636547145,5,0.25
vsb_rarefirst,0.05,retained_mAP50,3,p3_unsharp,0.7361427955485507,-1,0.25
vsb_rarefirst,0.05,retained_mAP50,4,a2_colorjitter,0.7322205283456867,2,0.25
vsb_rarefirst,0.05,retained_mAP50,5,p1_clahe,0.7277039543229589,-2,0.25
vsb_rarefirst,0.05,retained_mAP50,6,a1_crop,0.7185300983839126,-2,0.25
vsb_rarefirst,0.05,retained_mAP50,7,p4_a4_combined,0.6929060411224105,-2,0.25
vsb_rarefirst,0.05,retained_recall,1,p2_illumination,0.7755044046604149,,
vsb_rarefirst,0.05,retained_recall,2,p3_unsharp,0.7740835464620631,,
vsb_rarefirst,0.05,retained_recall,3,baseline,0.7706734867860188,,
vsb_rarefirst,0.05,retained_recall,4,a2_colorjitter,0.7695368002273373,,
vsb_rarefirst,0.05,retained_recall,5,p1_clahe,0.7644217107132708,,
vsb_rarefirst,0.05,retained_recall,6,a1_crop,0.7450980392156863,,
vsb_rarefirst,0.05,retained_recall,7,p4_a4_combined,0.7064506962205171,,
