dataset,clean_evaluation_basis,variant,seed,corrected_tau,deprecated_tau,delta_tau_corrected_minus_deprecated,corrected_recall,deprecated_recall,delta_recall,corrected_retained_AP50,deprecated_retained_AP50,delta_retained_AP50,corrected_clean_mean_max_conf,deprecated_clean_mean_max_conf,delta_clean_mean_max_conf,corrected_clean_p95_max_conf,deprecated_clean_p95_max_conf,delta_clean_p95_max_conf
vnwoodknot,VN canonical 75 clean images,a1_crop,42,0.25,0.4,-0.15000000000000002,0.8387096774193549,0.7290322580645161,0.10967741935483877,0.7628298559063997,0.6446424430980292,0.11818741280837053,0.0017040862732877334,0.008840982836360733,-0.007136896563073,0.0069546140264719536,0.03757498078048225,-0.030620366754010295
vnwoodknot,VN canonical 75 clean images,a1_crop,43,0.25,0.4,-0.15000000000000002,0.8580645161290322,0.7161290322580646,0.14193548387096766,0.7812114943328694,0.659330378562244,0.12188111577062544,0.0022245428804308176,0.015169270120871563,-0.012944727240440745,0.011113560386002055,0.08674356713891017,-0.07563000675290811
vnwoodknot,VN canonical 75 clean images,a1_crop,44,0.25,0.4,-0.15000000000000002,0.8387096774193549,0.6903225806451613,0.1483870967741936,0.7581634214421005,0.6016500279719451,0.15651339347015536,0.00928072089018921,0.006286278230448564,0.0029944426597406457,0.018739336729049674,0.035242117196321476,-0.016502780467271803
vnwoodknot,VN canonical 75 clean images,a2_colorjitter,42,0.05,0.05,0.0,0.967741935483871,0.967741935483871,0.0,0.789144764990918,0.789144764990918,0.0,0.003364532774624725,0.003364532774624725,0.0,0.004098910535685705,0.004098910535685705,0.0
vnwoodknot,VN canonical 75 clean images,a2_colorjitter,43,0.05,0.05,0.0,0.9290322580645162,0.9290322580645162,0.0,0.804644306967927,0.804644306967927,0.0,0.0016997116664424538,0.0016997116664424538,0.0,0.004557219240814442,0.004557219240814442,0.0
vnwoodknot,VN canonical 75 clean images,a2_colorjitter,44,0.05,0.05,0.0,0.9483870967741935,0.9612903225806452,-0.012903225806451646,0.8333547222695729,0.8454999908348286,-0.012145268565255773,0.001844654471303026,0.0026309884975974757,-0.0007863340262944498,0.0046928564552217705,0.006546409381553522,-0.0018535529263317514
vnwoodknot,VN canonical 75 clean images,p4_a4_combined,42,0.7,0.4,0.29999999999999993,0.34838709677419355,0.8064516129032258,-0.4580645161290322,0.35,0.7539711238530424,-0.40397112385304246,0.004735409153314928,0.0016922479107355079,0.00304316124257942,0.022701699286699288,0.011458485107868902,0.011243214178830386
vnwoodknot,VN canonical 75 clean images,p4_a4_combined,43,0.7,0.4,0.29999999999999993,0.2903225806451613,0.832258064516129,-0.5419354838709678,0.2896138211382114,0.7592657119968126,-0.4696518908586012,0.0014077338762581348,0.0029191517954071365,-0.0015114179191490016,0.007139265257865179,0.01623817104846239,-0.00909890579059721
vnwoodknot,VN canonical 75 clean images,p4_a4_combined,44,0.7,0.4,0.29999999999999993,0.24516129032258063,0.7419354838709677,-0.49677419354838714,0.24500000000000005,0.6847699520509543,-0.4397699520509542,0.00083466786891222,0.006598189041639368,-0.005763521172727148,0.005419652070850127,0.03519353494048118,-0.02977388286963105
vsb_rarefirst,"VSB source-disjoint strict-clean split: 996 sources / 2,988 tiles",a1_crop,42,0.8,0.8,0.0,0.1184995737425405,0.20630861040068202,-0.08780903665814152,0.14707162262115822,0.22793934441334346,-0.08086772179218524,0.05313057970558574,0.047389041346869054,0.005741538358716686,0.3838983312249184,0.38616351932287224,-0.002265188097953841
vsb_rarefirst,"VSB source-disjoint strict-clean split: 996 sources / 2,988 tiles",a1_crop,43,0.8,0.8,0.0,0.2710997442455243,0.236999147485081,0.0341005967604433,0.31134351080996603,0.26144735859980395,0.04989615221016208,0.05535928365319233,0.06040978328373322,-0.00505049963054089,0.4774920985102658,0.49854892045259497,-0.021056821942329162
vsb_rarefirst,"VSB source-disjoint strict-clean split: 996 sources / 2,988 tiles",a1_crop,44,0.8,0.8,0.0,0.2259164535379369,0.22335890878090367,0.0025575447570332366,0.24558859938541489,0.2643145176747912,-0.01872591828937631,0.0598264537636584,0.0491296150075637,0.010696838756094701,0.48512170016765593,0.41227457225322733,0.0728471279144286
vsb_rarefirst,"VSB source-disjoint strict-clean split: 996 sources / 2,988 tiles",a2_colorjitter,42,0.8,0.8,0.0,0.21142369991474852,0.24722932651321397,-0.03580562659846545,0.23682395942737194,0.2662945307883654,-0.02947057136099346,0.03640964483476644,0.03928671332135101,-0.0028770684865845678,0.3214405089616776,0.35755235105752975,-0.036111842095852165
vsb_rarefirst,"VSB source-disjoint strict-clean split: 996 sources / 2,988 tiles",a2_colorjitter,43,0.8,0.8,0.0,0.21568627450980393,0.21568627450980393,0.0,0.25023447653609493,0.25023447653609493,0.0,0.038153012750794676,0.038153012750794676,0.0,0.34357648640871064,0.34357648640871064,0.0
vsb_rarefirst,"VSB source-disjoint strict-clean split: 996 sources / 2,988 tiles",a2_colorjitter,44,0.8,0.8,0.0,0.13895993179880647,0.21909633418584826,-0.08013640238704178,0.16204584574644157,0.2510878302978781,-0.08904198455143655,0.035994637248982456,0.037633401884735095,-0.001638764635752639,0.29202869385480884,0.3199712544679642,-0.027942560613155365
vsb_rarefirst,"VSB source-disjoint strict-clean split: 996 sources / 2,988 tiles",p4_a4_combined,42,0.8,0.85,-0.04999999999999993,0.23358908780903667,0.14578005115089515,0.08780903665814152,0.26181145715768206,0.1684483225606205,0.09336313459706155,0.0727197706492177,0.06693048165387061,0.005789288995347086,0.5327411651611329,0.5187664926052095,0.01397467255592344
vsb_rarefirst,"VSB source-disjoint strict-clean split: 996 sources / 2,988 tiles",p4_a4_combined,43,0.8,0.85,-0.04999999999999993,0.1483375959079284,0.09207161125319693,0.056265984654731455,0.1857558963055588,0.09130873159911272,0.09444716470644608,0.0647366719150235,0.06462420749401211,0.0001124644210113851,0.44924722313880927,0.4886655002832413,-0.03941827714443202
vsb_rarefirst,"VSB source-disjoint strict-clean split: 996 sources / 2,988 tiles",p4_a4_combined,44,0.8,0.85,-0.04999999999999993,0.16879795396419436,0.09548167092924126,0.0733162830349531,0.20839900645802287,0.10332801189817681,0.10507099455984606,0.052212507199992236,0.05604315511900227,-0.0038306479190100343,0.39970115870237355,0.4512038886547089,-0.05150272995233535
