dataset,variant,seed,split,corrected_precision,deprecated_precision,delta_precision,corrected_recall,deprecated_recall,delta_recall,corrected_mAP50,deprecated_mAP50,delta_mAP50,corrected_mAP50_95,deprecated_mAP50_95,delta_mAP50_95
vnwoodknot,a1_crop,42,test,0.805475,0.755967,0.04950800000000011,0.747827,0.727682,0.02014499999999997,0.810314,0.715849,0.09446500000000002,0.412544,0.310665,0.101879
vnwoodknot,a1_crop,42,val,0.808298,0.773021,0.035277,0.749824,0.742278,0.007546000000000053,0.808131,0.759933,0.048198000000000074,0.436216,0.344569,0.09164699999999998
vnwoodknot,a1_crop,43,test,0.831993,0.778898,0.053095,0.785105,0.689707,0.0953980000000001,0.82711,0.755712,0.07139799999999996,0.405797,0.341753,0.06404400000000005
vnwoodknot,a1_crop,43,val,0.843474,0.7661,0.07737399999999994,0.791466,0.769832,0.021634000000000042,0.843494,0.793993,0.04950100000000002,0.463268,0.389691,0.073577
vnwoodknot,a1_crop,44,test,0.773368,0.705825,0.06754300000000002,0.766656,0.703614,0.06304200000000004,0.799629,0.683543,0.11608600000000002,0.392921,0.313189,0.07973200000000003
vnwoodknot,a1_crop,44,val,0.786925,0.746357,0.04056799999999994,0.808723,0.731758,0.07696499999999995,0.821397,0.755325,0.06607200000000002,0.443091,0.356171,0.08692
vnwoodknot,a2_colorjitter,42,test,0.753011,0.753011,0.0,0.806525,0.806525,0.0,0.794732,0.794732,0.0,0.436906,0.436906,0.0
vnwoodknot,a2_colorjitter,42,val,0.786206,0.786206,0.0,0.803879,0.803879,0.0,0.824159,0.824159,0.0,0.477964,0.477964,0.0
vnwoodknot,a2_colorjitter,43,test,0.792632,0.792632,0.0,0.774734,0.774734,0.0,0.824625,0.824625,0.0,0.438356,0.438356,0.0
vnwoodknot,a2_colorjitter,43,val,0.814152,0.814152,0.0,0.790892,0.790892,0.0,0.82284,0.82284,0.0,0.482676,0.482676,0.0
vnwoodknot,a2_colorjitter,44,test,0.804291,0.796207,0.00808399999999998,0.826116,0.850189,-0.02407300000000001,0.847775,0.854065,-0.006290000000000018,0.448155,0.45519,-0.007034999999999958
vnwoodknot,a2_colorjitter,44,val,0.767264,0.799239,-0.03197500000000009,0.829853,0.809582,0.020270999999999928,0.821797,0.834527,-0.012730000000000019,0.465997,0.465716,0.0002809999999999757
vnwoodknot,p4_a4_combined,42,test,0.800138,0.800413,-0.0002750000000000252,0.844354,0.805381,0.038973000000000035,0.862754,0.84012,0.022634000000000043,0.439777,0.409966,0.029810999999999976
vnwoodknot,p4_a4_combined,42,val,0.809156,0.794914,0.014241999999999977,0.789575,0.796475,-0.006900000000000017,0.780806,0.818339,-0.03753300000000004,0.430295,0.420503,0.009791999999999967
vnwoodknot,p4_a4_combined,43,test,0.777153,0.839855,-0.06270200000000004,0.780216,0.818538,-0.03832199999999997,0.821659,0.82645,-0.00479099999999999,0.418108,0.415834,0.0022739999999999982
vnwoodknot,p4_a4_combined,43,val,0.823229,0.778603,0.044625999999999943,0.794854,0.783466,0.011387999999999954,0.802591,0.786511,0.016080000000000094,0.444125,0.430284,0.013840999999999992
vnwoodknot,p4_a4_combined,44,test,0.832092,0.829479,0.0026130000000000875,0.831196,0.74059,0.09060600000000008,0.870509,0.805995,0.06451399999999996,0.437817,0.392453,0.045364000000000015
vnwoodknot,p4_a4_combined,44,val,0.845278,0.856912,-0.011634000000000033,0.788786,0.742541,0.04624499999999998,0.851093,0.823432,0.027660999999999936,0.457759,0.405595,0.052164000000000044
vsb_rarefirst,a1_crop,42,test,0.767851,0.784098,-0.01624700000000001,0.775086,0.764163,0.010923000000000016,0.805616,0.800935,0.004681000000000046,0.461575,0.465727,-0.004151999999999989
vsb_rarefirst,a1_crop,42,val,0.788783,0.801899,-0.013116000000000017,0.750509,0.754402,-0.0038930000000000353,0.811334,0.81228,-0.0009460000000000024,0.463174,0.459646,0.0035279999999999756
vsb_rarefirst,a1_crop,43,test,0.782207,0.799715,-0.017507999999999968,0.76019,0.758681,0.0015089999999999826,0.799546,0.808109,-0.008562999999999987,0.467077,0.471772,-0.004695000000000005
vsb_rarefirst,a1_crop,43,val,0.804175,0.801198,0.0029770000000000074,0.775791,0.755091,0.02070000000000005,0.818072,0.811453,0.0066190000000000415,0.469592,0.468572,0.0010200000000000209
vsb_rarefirst,a1_crop,44,test,0.7827,0.774103,0.008596999999999966,0.775871,0.772429,0.003441999999999945,0.808306,0.804152,0.004153999999999991,0.467467,0.465437,0.0020300000000000318
vsb_rarefirst,a1_crop,44,val,0.794498,0.774874,0.019624000000000086,0.754938,0.76068,-0.005742000000000025,0.800699,0.804589,-0.003889999999999949,0.467217,0.46379,0.0034270000000000134
vsb_rarefirst,a2_colorjitter,42,test,0.757494,0.775222,-0.017727999999999966,0.785391,0.777432,0.007958999999999938,0.79931,0.800746,-0.0014359999999999928,0.463832,0.469568,-0.005735999999999963
vsb_rarefirst,a2_colorjitter,42,val,0.772583,0.796645,-0.024062000000000028,0.796717,0.779906,0.01681100000000002,0.818758,0.82084,-0.0020820000000000283,0.478612,0.473627,0.004984999999999962
vsb_rarefirst,a2_colorjitter,43,test,0.791793,0.791793,0.0,0.775826,0.775826,0.0,0.80182,0.80182,0.0,0.471213,0.471213,0.0
vsb_rarefirst,a2_colorjitter,43,val,0.775572,0.775572,0.0,0.805293,0.805293,0.0,0.821617,0.821617,0.0,0.478239,0.478239,0.0
vsb_rarefirst,a2_colorjitter,44,test,0.750703,0.78695,-0.03624700000000003,0.775658,0.742842,0.032815999999999956,0.800064,0.797174,0.002889999999999948,0.470689,0.471202,-0.0005129999999999857
vsb_rarefirst,a2_colorjitter,44,val,0.762357,0.791425,-0.029068000000000094,0.784059,0.784385,-0.0003260000000000485,0.82886,0.826011,0.0028489999999999904,0.47587,0.474595,0.0012750000000000261
vsb_rarefirst,p4_a4_combined,42,test,0.779633,0.800279,-0.020645999999999942,0.741097,0.732772,0.008325000000000027,0.790954,0.790605,0.0003490000000000437,0.464398,0.455645,0.008752999999999955
vsb_rarefirst,p4_a4_combined,42,val,0.784134,0.787378,-0.0032440000000000246,0.774136,0.778862,-0.004726000000000008,0.808322,0.810496,-0.0021740000000000093,0.462943,0.46362,-0.0006769999999999832
vsb_rarefirst,p4_a4_combined,43,test,0.778079,0.791269,-0.013190000000000035,0.752451,0.743187,0.009263999999999939,0.798186,0.788193,0.009992999999999919,0.461886,0.452055,0.009831000000000034
vsb_rarefirst,p4_a4_combined,43,val,0.761383,0.795473,-0.034089999999999954,0.774669,0.751955,0.022714000000000012,0.808237,0.802084,0.006152999999999964,0.464425,0.461806,0.0026189999999999825
vsb_rarefirst,p4_a4_combined,44,test,0.779631,0.803497,-0.023866000000000054,0.720077,0.739759,-0.01968200000000009,0.791296,0.794805,-0.0035089999999999844,0.463812,0.459245,0.004566999999999988
vsb_rarefirst,p4_a4_combined,44,val,0.766358,0.805029,-0.03867100000000001,0.734945,0.758907,-0.02396200000000004,0.801073,0.810545,-0.009471999999999925,0.459085,0.459729,-0.0006439999999999779
