dataset,variant,seed,epsilon,selected_threshold,validation_fp_rate,test_n_clean,test_fp_images,test_fp_rate,test_false_detections,test_fppi,n_retained,n_targets,tp50,fp50,fn50,precision,recall,mAP50
vnwoodknot,baseline,42,0.0,0.1,0.0,75,0,0.0,0,0.0,288,155,144,144,11,0.5,0.9290322580645162,0.7759632625972066
vnwoodknot,baseline,43,0.0,0.1,0.0,75,1,0.013333333333333334,2,0.02666666666666667,296,155,148,148,7,0.5,0.9548387096774194,0.8361355714879386
vnwoodknot,baseline,44,0.0,0.1,0.0,75,0,0.0,0,0.0,305,155,145,160,10,0.47540983606557374,0.9354838709677419,0.7977907731334346
vnwoodknot,baseline,42,0.01,0.05,0.0,75,0,0.0,0,0.0,351,155,147,204,8,0.4188034188034188,0.9483870967741935,0.7853173932849133
vnwoodknot,baseline,43,0.01,0.05,0.013333333333333334,75,2,0.02666666666666667,4,0.05333333333333334,346,155,149,197,6,0.430635838150289,0.9612903225806452,0.8382744603768275
vnwoodknot,baseline,44,0.01,0.05,0.0,75,2,0.02666666666666667,2,0.02666666666666667,362,155,148,214,7,0.4088397790055249,0.9548387096774194,0.8060625339307768
vnwoodknot,baseline,42,0.02,0.05,0.0,75,0,0.0,0,0.0,351,155,147,204,8,0.4188034188034188,0.9483870967741935,0.7853173932849133
vnwoodknot,baseline,43,0.02,0.05,0.013333333333333334,75,2,0.02666666666666667,4,0.05333333333333334,346,155,149,197,6,0.430635838150289,0.9612903225806452,0.8382744603768275
vnwoodknot,baseline,44,0.02,0.05,0.0,75,2,0.02666666666666667,2,0.02666666666666667,362,155,148,214,7,0.4088397790055249,0.9548387096774194,0.8060625339307768
vnwoodknot,baseline,42,0.05,0.05,0.0,75,0,0.0,0,0.0,351,155,147,204,8,0.4188034188034188,0.9483870967741935,0.7853173932849133
vnwoodknot,baseline,43,0.05,0.05,0.013333333333333334,75,2,0.02666666666666667,4,0.05333333333333334,346,155,149,197,6,0.430635838150289,0.9612903225806452,0.8382744603768275
vnwoodknot,baseline,44,0.05,0.05,0.0,75,2,0.02666666666666667,2,0.02666666666666667,362,155,148,214,7,0.4088397790055249,0.9548387096774194,0.8060625339307768
vnwoodknot,p1_clahe,42,0.0,0.1,0.0,75,1,0.013333333333333334,1,0.013333333333333334,299,155,143,156,12,0.4782608695652174,0.9225806451612903,0.7906668575500433
vnwoodknot,p1_clahe,43,0.0,0.1,0.0,75,0,0.0,0,0.0,260,155,139,121,16,0.5346153846153846,0.896774193548387,0.7643876335905264
vnwoodknot,p1_clahe,44,0.0,0.1,0.0,75,1,0.013333333333333334,1,0.013333333333333334,311,155,147,164,8,0.47266881028938906,0.9483870967741935,0.812695382476764
vnwoodknot,p1_clahe,42,0.01,0.05,0.013333333333333334,75,2,0.02666666666666667,2,0.02666666666666667,359,155,146,213,9,0.40668523676880225,0.9419354838709677,0.7966911035583224
vnwoodknot,p1_clahe,43,0.01,0.05,0.0,75,0,0.0,0,0.0,305,155,141,164,14,0.46229508196721314,0.9096774193548387,0.7708308643088317
vnwoodknot,p1_clahe,44,0.01,0.05,0.0,75,1,0.013333333333333334,1,0.013333333333333334,377,155,151,226,4,0.4005305039787798,0.9741935483870968,0.821241102207082
vnwoodknot,p1_clahe,42,0.02,0.05,0.013333333333333334,75,2,0.02666666666666667,2,0.02666666666666667,359,155,146,213,9,0.40668523676880225,0.9419354838709677,0.7966911035583224
vnwoodknot,p1_clahe,43,0.02,0.05,0.0,75,0,0.0,0,0.0,305,155,141,164,14,0.46229508196721314,0.9096774193548387,0.7708308643088317
vnwoodknot,p1_clahe,44,0.02,0.05,0.0,75,1,0.013333333333333334,1,0.013333333333333334,377,155,151,226,4,0.4005305039787798,0.9741935483870968,0.821241102207082
vnwoodknot,p1_clahe,42,0.05,0.05,0.013333333333333334,75,2,0.02666666666666667,2,0.02666666666666667,359,155,146,213,9,0.40668523676880225,0.9419354838709677,0.7966911035583224
vnwoodknot,p1_clahe,43,0.05,0.05,0.0,75,0,0.0,0,0.0,305,155,141,164,14,0.46229508196721314,0.9096774193548387,0.7708308643088317
vnwoodknot,p1_clahe,44,0.05,0.05,0.0,75,1,0.013333333333333334,1,0.013333333333333334,377,155,151,226,4,0.4005305039787798,0.9741935483870968,0.821241102207082
vnwoodknot,p2_illumination,42,0.0,0.15,0.0,75,0,0.0,0,0.0,227,155,143,84,12,0.6299559471365639,0.9225806451612903,0.845289987154801
vnwoodknot,p2_illumination,43,0.0,0.15,0.0,75,0,0.0,0,0.0,276,155,138,138,17,0.5,0.8903225806451613,0.7767300434617118
vnwoodknot,p2_illumination,44,0.0,0.15,0.0,75,0,0.0,0,0.0,267,155,144,123,11,0.5393258426966292,0.9290322580645162,0.8314746072978407
vnwoodknot,p2_illumination,42,0.01,0.05,0.0,75,1,0.013333333333333334,2,0.02666666666666667,304,155,148,156,7,0.4868421052631579,0.9548387096774194,0.8622938177741046
vnwoodknot,p2_illumination,43,0.01,0.05,0.013333333333333334,75,0,0.0,0,0.0,407,155,145,262,10,0.35626535626535627,0.9354838709677419,0.7958424245054633
vnwoodknot,p2_illumination,44,0.01,0.05,0.0,75,1,0.013333333333333334,1,0.013333333333333334,386,155,148,238,7,0.38341968911917096,0.9548387096774194,0.8417159746450374
vnwoodknot,p2_illumination,42,0.02,0.05,0.0,75,1,0.013333333333333334,2,0.02666666666666667,304,155,148,156,7,0.4868421052631579,0.9548387096774194,0.8622938177741046
vnwoodknot,p2_illumination,43,0.02,0.05,0.013333333333333334,75,0,0.0,0,0.0,407,155,145,262,10,0.35626535626535627,0.9354838709677419,0.7958424245054633
vnwoodknot,p2_illumination,44,0.02,0.05,0.0,75,1,0.013333333333333334,1,0.013333333333333334,386,155,148,238,7,0.38341968911917096,0.9548387096774194,0.8417159746450374
vnwoodknot,p2_illumination,42,0.05,0.05,0.0,75,1,0.013333333333333334,2,0.02666666666666667,304,155,148,156,7,0.4868421052631579,0.9548387096774194,0.8622938177741046
vnwoodknot,p2_illumination,43,0.05,0.05,0.013333333333333334,75,0,0.0,0,0.0,407,155,145,262,10,0.35626535626535627,0.9354838709677419,0.7958424245054633
vnwoodknot,p2_illumination,44,0.05,0.05,0.0,75,1,0.013333333333333334,1,0.013333333333333334,386,155,148,238,7,0.38341968911917096,0.9548387096774194,0.8417159746450374
vnwoodknot,p3_unsharp,42,0.0,0.05,0.0,75,2,0.02666666666666667,2,0.02666666666666667,361,155,145,216,10,0.40166204986149584,0.9354838709677419,0.8053329253981019
vnwoodknot,p3_unsharp,43,0.0,0.05,0.0,75,0,0.0,0,0.0,322,155,147,175,8,0.45652173913043476,0.9483870967741935,0.8549015034395475
vnwoodknot,p3_unsharp,44,0.0,0.05,0.0,75,1,0.013333333333333334,1,0.013333333333333334,355,155,145,210,10,0.4084507042253521,0.9354838709677419,0.7983964960443718
vnwoodknot,p3_unsharp,42,0.01,0.05,0.0,75,2,0.02666666666666667,2,0.02666666666666667,361,155,145,216,10,0.40166204986149584,0.9354838709677419,0.8053329253981019
vnwoodknot,p3_unsharp,43,0.01,0.05,0.0,75,0,0.0,0,0.0,322,155,147,175,8,0.45652173913043476,0.9483870967741935,0.8549015034395475
vnwoodknot,p3_unsharp,44,0.01,0.05,0.0,75,1,0.013333333333333334,1,0.013333333333333334,355,155,145,210,10,0.4084507042253521,0.9354838709677419,0.7983964960443718
vnwoodknot,p3_unsharp,42,0.02,0.05,0.0,75,2,0.02666666666666667,2,0.02666666666666667,361,155,145,216,10,0.40166204986149584,0.9354838709677419,0.8053329253981019
vnwoodknot,p3_unsharp,43,0.02,0.05,0.0,75,0,0.0,0,0.0,322,155,147,175,8,0.45652173913043476,0.9483870967741935,0.8549015034395475
vnwoodknot,p3_unsharp,44,0.02,0.05,0.0,75,1,0.013333333333333334,1,0.013333333333333334,355,155,145,210,10,0.4084507042253521,0.9354838709677419,0.7983964960443718
vnwoodknot,p3_unsharp,42,0.05,0.05,0.0,75,2,0.02666666666666667,2,0.02666666666666667,361,155,145,216,10,0.40166204986149584,0.9354838709677419,0.8053329253981019
vnwoodknot,p3_unsharp,43,0.05,0.05,0.0,75,0,0.0,0,0.0,322,155,147,175,8,0.45652173913043476,0.9483870967741935,0.8549015034395475
vnwoodknot,p3_unsharp,44,0.05,0.05,0.0,75,1,0.013333333333333334,1,0.013333333333333334,355,155,145,210,10,0.4084507042253521,0.9354838709677419,0.7983964960443718
vnwoodknot,a1_crop,42,0.0,0.25,0.0,75,0,0.0,0,0.0,198,155,130,68,25,0.6565656565656566,0.8387096774193549,0.7628298559063997
vnwoodknot,a1_crop,43,0.0,0.25,0.0,75,0,0.0,0,0.0,198,155,133,65,22,0.6717171717171717,0.8580645161290322,0.7812114943328694
vnwoodknot,a1_crop,44,0.0,0.25,0.0,75,1,0.013333333333333334,1,0.013333333333333334,198,155,130,68,25,0.6565656565656566,0.8387096774193549,0.7581634214421005
vnwoodknot,a1_crop,42,0.01,0.1,0.013333333333333334,75,0,0.0,0,0.0,245,155,136,109,19,0.5551020408163265,0.8774193548387097,0.7903882066834871
vnwoodknot,a1_crop,43,0.01,0.1,0.0,75,0,0.0,0,0.0,244,155,136,108,19,0.5573770491803278,0.8774193548387097,0.7952711969945765
vnwoodknot,a1_crop,44,0.01,0.1,0.013333333333333334,75,1,0.013333333333333334,2,0.02666666666666667,259,155,135,124,20,0.5212355212355212,0.8709677419354839,0.7819772840380379
vnwoodknot,a1_crop,42,0.02,0.1,0.013333333333333334,75,0,0.0,0,0.0,245,155,136,109,19,0.5551020408163265,0.8774193548387097,0.7903882066834871
vnwoodknot,a1_crop,43,0.02,0.1,0.0,75,0,0.0,0,0.0,244,155,136,108,19,0.5573770491803278,0.8774193548387097,0.7952711969945765
vnwoodknot,a1_crop,44,0.02,0.1,0.013333333333333334,75,1,0.013333333333333334,2,0.02666666666666667,259,155,135,124,20,0.5212355212355212,0.8709677419354839,0.7819772840380379
vnwoodknot,a1_crop,42,0.05,0.05,0.02666666666666667,75,0,0.0,0,0.0,274,155,137,137,18,0.5,0.8838709677419355,0.7931848168529787
vnwoodknot,a1_crop,43,0.05,0.05,0.0,75,1,0.013333333333333334,1,0.013333333333333334,284,155,139,145,16,0.4894366197183099,0.896774193548387,0.806431084792613
vnwoodknot,a1_crop,44,0.05,0.05,0.04,75,2,0.02666666666666667,3,0.04,318,155,137,181,18,0.4308176100628931,0.8838709677419355,0.787599981164051
vnwoodknot,a2_colorjitter,42,0.0,0.05,0.0,75,1,0.013333333333333334,1,0.013333333333333334,397,155,150,247,5,0.3778337531486146,0.967741935483871,0.789144764990918
vnwoodknot,a2_colorjitter,43,0.0,0.05,0.0,75,1,0.013333333333333334,1,0.013333333333333334,317,155,144,173,11,0.45425867507886436,0.9290322580645162,0.804644306967927
vnwoodknot,a2_colorjitter,44,0.0,0.05,0.0,75,1,0.013333333333333334,1,0.013333333333333334,339,155,147,192,8,0.4336283185840708,0.9483870967741935,0.8333547222695729
vnwoodknot,a2_colorjitter,42,0.01,0.05,0.0,75,1,0.013333333333333334,1,0.013333333333333334,397,155,150,247,5,0.3778337531486146,0.967741935483871,0.789144764990918
vnwoodknot,a2_colorjitter,43,0.01,0.05,0.0,75,1,0.013333333333333334,1,0.013333333333333334,317,155,144,173,11,0.45425867507886436,0.9290322580645162,0.804644306967927
vnwoodknot,a2_colorjitter,44,0.01,0.05,0.0,75,1,0.013333333333333334,1,0.013333333333333334,339,155,147,192,8,0.4336283185840708,0.9483870967741935,0.8333547222695729
vnwoodknot,a2_colorjitter,42,0.02,0.05,0.0,75,1,0.013333333333333334,1,0.013333333333333334,397,155,150,247,5,0.3778337531486146,0.967741935483871,0.789144764990918
vnwoodknot,a2_colorjitter,43,0.02,0.05,0.0,75,1,0.013333333333333334,1,0.013333333333333334,317,155,144,173,11,0.45425867507886436,0.9290322580645162,0.804644306967927
vnwoodknot,a2_colorjitter,44,0.02,0.05,0.0,75,1,0.013333333333333334,1,0.013333333333333334,339,155,147,192,8,0.4336283185840708,0.9483870967741935,0.8333547222695729
vnwoodknot,a2_colorjitter,42,0.05,0.05,0.0,75,1,0.013333333333333334,1,0.013333333333333334,397,155,150,247,5,0.3778337531486146,0.967741935483871,0.789144764990918
vnwoodknot,a2_colorjitter,43,0.05,0.05,0.0,75,1,0.013333333333333334,1,0.013333333333333334,317,155,144,173,11,0.45425867507886436,0.9290322580645162,0.804644306967927
vnwoodknot,a2_colorjitter,44,0.05,0.05,0.0,75,1,0.013333333333333334,1,0.013333333333333334,339,155,147,192,8,0.4336283185840708,0.9483870967741935,0.8333547222695729
vnwoodknot,p4_a4_combined,42,0.0,0.7,0.0,75,0,0.0,0,0.0,56,155,54,2,101,0.9642857142857143,0.34838709677419355,0.35
vnwoodknot,p4_a4_combined,43,0.0,0.7,0.0,75,0,0.0,0,0.0,47,155,45,2,110,0.9574468085106383,0.2903225806451613,0.2896138211382114
vnwoodknot,p4_a4_combined,44,0.0,0.7,0.0,75,0,0.0,0,0.0,39,155,38,1,117,0.9743589743589743,0.24516129032258063,0.24500000000000005
vnwoodknot,p4_a4_combined,42,0.01,0.05,0.013333333333333334,75,1,0.013333333333333334,1,0.013333333333333334,302,155,143,159,12,0.4735099337748344,0.9225806451612903,0.8530649669594415
vnwoodknot,p4_a4_combined,43,0.01,0.05,0.013333333333333334,75,0,0.0,0,0.0,292,155,141,151,14,0.4828767123287671,0.9096774193548387,0.8119442933795187
vnwoodknot,p4_a4_combined,44,0.01,0.05,0.0,75,0,0.0,0,0.0,311,155,144,167,11,0.4630225080385852,0.9290322580645162,0.8572319931468275
vnwoodknot,p4_a4_combined,42,0.02,0.05,0.013333333333333334,75,1,0.013333333333333334,1,0.013333333333333334,302,155,143,159,12,0.4735099337748344,0.9225806451612903,0.8530649669594415
vnwoodknot,p4_a4_combined,43,0.02,0.05,0.013333333333333334,75,0,0.0,0,0.0,292,155,141,151,14,0.4828767123287671,0.9096774193548387,0.8119442933795187
vnwoodknot,p4_a4_combined,44,0.02,0.05,0.0,75,0,0.0,0,0.0,311,155,144,167,11,0.4630225080385852,0.9290322580645162,0.8572319931468275
vnwoodknot,p4_a4_combined,42,0.05,0.05,0.013333333333333334,75,1,0.013333333333333334,1,0.013333333333333334,302,155,143,159,12,0.4735099337748344,0.9225806451612903,0.8530649669594415
vnwoodknot,p4_a4_combined,43,0.05,0.05,0.013333333333333334,75,0,0.0,0,0.0,292,155,141,151,14,0.4828767123287671,0.9096774193548387,0.8119442933795187
vnwoodknot,p4_a4_combined,44,0.05,0.05,0.0,75,0,0.0,0,0.0,311,155,144,167,11,0.4630225080385852,0.9290322580645162,0.8572319931468275
vsb_rarefirst,baseline,42,0.0,0.85,0.0,2988,0,0.0,0,0.0,110,1173,104,6,1069,0.9454545454545454,0.0886615515771526,0.08834612408183858
vsb_rarefirst,baseline,43,0.0,0.85,0.0,2988,0,0.0,0,0.0,115,1173,109,6,1064,0.9478260869565217,0.09292412617220801,0.09604714716615087
vsb_rarefirst,baseline,44,0.0,0.85,0.0,2988,0,0.0,0,0.0,112,1173,108,4,1065,0.9642857142857143,0.09207161125319693,0.09560345309690353
vsb_rarefirst,baseline,42,0.01,0.55,0.0050200803212851405,2988,44,0.014725568942436412,47,0.01572958500669344,821,1173,706,115,467,0.8599269183922046,0.6018755328218244,0.6254400043433987
vsb_rarefirst,baseline,43,0.01,0.55,0.01104417670682731,2988,64,0.0214190093708166,66,0.02208835341365462,861,1173,739,122,434,0.8583042973286876,0.6300085251491901,0.6444927598843667
vsb_rarefirst,baseline,44,0.01,0.55,0.012048192771084338,2988,61,0.020414993306559572,64,0.0214190093708166,864,1173,736,128,437,0.8518518518518519,0.6274509803921569,0.6438279011335302
vsb_rarefirst,baseline,42,0.02,0.5,0.010374832663989291,2988,60,0.020080321285140562,63,0.02108433734939759,907,1173,768,139,405,0.8467475192943771,0.6547314578005116,0.6620840826511184
vsb_rarefirst,baseline,43,0.02,0.5,0.013386880856760375,2988,83,0.027777777777777776,86,0.028781793842034806,934,1173,783,151,390,0.8383297644539615,0.6675191815856778,0.6701203945872598
vsb_rarefirst,baseline,44,0.02,0.5,0.017737617135207495,2988,76,0.025435073627844713,79,0.02643908969210174,940,1173,789,151,384,0.8393617021276596,0.6726342710997443,0.6800669975094292
vsb_rarefirst,baseline,42,0.05,0.3,0.035809906291834004,2988,120,0.040160642570281124,141,0.04718875502008032,1237,1173,894,343,279,0.7227162489894907,0.7621483375959079,0.7317434088591771
vsb_rarefirst,baseline,43,0.05,0.3,0.04785809906291834,2988,167,0.055890227576974566,203,0.0679384203480589,1240,1173,903,337,270,0.728225806451613,0.7698209718670077,0.732403201639354
vsb_rarefirst,baseline,44,0.05,0.3,0.04752342704149933,2988,152,0.050870147255689425,192,0.0642570281124498,1243,1173,915,328,258,0.7361222847948512,0.7800511508951407,0.7472852804656123
vsb_rarefirst,p1_clahe,42,0.0,0.8,0.0,2988,1,0.00033467202141900936,1,0.00033467202141900936,286,1173,265,21,908,0.9265734265734266,0.2259164535379369,0.2707109191901828
vsb_rarefirst,p1_clahe,43,0.0,0.8,0.0,2988,0,0.0,0,0.0,272,1173,255,17,918,0.9375,0.21739130434782608,0.24490558447330943
vsb_rarefirst,p1_clahe,44,0.0,0.8,0.0,2988,0,0.0,0,0.0,244,1173,228,16,945,0.9344262295081968,0.19437340153452684,0.22072039499065202
vsb_rarefirst,p1_clahe,42,0.01,0.6,0.006358768406961178,2988,39,0.013052208835341365,42,0.014056224899598393,802,1173,698,104,475,0.8703241895261845,0.5950554134697357,0.6168813967390738
vsb_rarefirst,p1_clahe,43,0.01,0.6,0.01104417670682731,2988,40,0.013386880856760375,43,0.014390896921017403,811,1173,697,114,476,0.8594327990135635,0.5942028985507246,0.6001794740112557
vsb_rarefirst,p1_clahe,44,0.01,0.6,0.007362784471218206,2988,32,0.0107095046854083,33,0.01104417670682731,770,1173,668,102,505,0.8675324675324675,0.5694799658994032,0.5983947367057996
vsb_rarefirst,p1_clahe,42,0.02,0.5,0.019076305220883535,2988,74,0.024765729585006693,78,0.02610441767068273,964,1173,804,160,369,0.8340248962655602,0.6854219948849105,0.6833867741027332
vsb_rarefirst,p1_clahe,43,0.02,0.5,0.0214190093708166,2988,79,0.02643908969210174,89,0.029785809906291833,972,1173,785,187,388,0.8076131687242798,0.6692242114236999,0.6591099044205878
vsb_rarefirst,p1_clahe,44,0.02,0.5,0.015394912985274432,2988,63,0.02108433734939759,67,0.02242302543507363,939,1173,779,160,394,0.8296059637912673,0.6641091219096334,0.6560297346409415
vsb_rarefirst,p1_clahe,42,0.05,0.3,0.04685408299866131,2988,172,0.05756358768406961,208,0.06961178045515395,1239,1173,901,338,272,0.7271993543179984,0.7681159420289855,0.7418751688541355
vsb_rarefirst,p1_clahe,43,0.05,0.3,0.04183400267737617,2988,176,0.058902275769745646,216,0.07228915662650602,1287,1173,903,384,270,0.7016317016317016,0.7698209718670077,0.7224530031176812
vsb_rarefirst,p1_clahe,44,0.05,0.3,0.04484605087014726,2988,149,0.0498661311914324,178,0.059571619812583666,1227,1173,886,341,287,0.7220863895680522,0.7553282182438192,0.71878369099706
vsb_rarefirst,p2_illumination,42,0.0,0.75,0.0,2988,1,0.00033467202141900936,1,0.00033467202141900936,320,1173,304,16,869,0.95,0.2591645353793691,0.2888343957685
vsb_rarefirst,p2_illumination,43,0.0,0.75,0.0,2988,6,0.002008032128514056,6,0.002008032128514056,417,1173,392,25,781,0.9400479616306955,0.33418584825234443,0.3845446205046747
vsb_rarefirst,p2_illumination,44,0.0,0.75,0.0,2988,6,0.002008032128514056,6,0.002008032128514056,393,1173,368,25,805,0.9363867684478372,0.3137254901960784,0.34736174526865443
vsb_rarefirst,p2_illumination,42,0.01,0.6,0.004016064257028112,2988,28,0.009370816599732263,30,0.010040160642570281,718,1173,640,78,533,0.8913649025069638,0.545609548167093,0.5743883900182654
vsb_rarefirst,p2_illumination,43,0.01,0.6,0.007362784471218206,2988,48,0.01606425702811245,52,0.01740294511378849,784,1173,685,99,488,0.8737244897959183,0.5839727195225917,0.6125900170215584
vsb_rarefirst,p2_illumination,44,0.01,0.6,0.007028112449799197,2988,40,0.013386880856760375,40,0.013386880856760375,759,1173,674,85,499,0.8880105401844532,0.5745950554134698,0.6119844473433785
vsb_rarefirst,p2_illumination,42,0.02,0.5,0.01740294511378849,2988,82,0.02744310575635877,89,0.029785809906291833,906,1173,767,139,406,0.8465783664459161,0.6538789428815004,0.6550005925101392
vsb_rarefirst,p2_illumination,43,0.02,0.5,0.01606425702811245,2988,85,0.028447121820615796,92,0.030789825970548863,956,1173,789,167,384,0.8253138075313807,0.6726342710997443,0.6790358898025283
vsb_rarefirst,p2_illumination,44,0.02,0.5,0.017737617135207495,2988,72,0.024096385542168676,75,0.025100401606425703,944,1173,778,166,395,0.8241525423728814,0.6632566069906224,0.6757030223254403
vsb_rarefirst,p2_illumination,42,0.05,0.3,0.05187416331994645,2988,175,0.05856760374832664,211,0.07061579651941098,1280,1173,913,367,260,0.71328125,0.7783461210571185,0.738693526961484
vsb_rarefirst,p2_illumination,43,0.05,0.3,0.045180722891566265,2988,163,0.054551539491298526,195,0.06526104417670683,1250,1173,910,340,263,0.728,0.7757885763000852,0.7436643216485535
vsb_rarefirst,p2_illumination,44,0.05,0.3,0.041499330655957165,2988,151,0.05053547523427041,181,0.06057563587684069,1249,1173,906,343,267,0.7253803042433947,0.7723785166240409,0.7420031993811248
vsb_rarefirst,p3_unsharp,42,0.0,0.8,0.0,2988,0,0.0,0,0.0,314,1173,298,16,875,0.9490445859872612,0.25404944586530265,0.2897368160846485
vsb_rarefirst,p3_unsharp,43,0.0,0.8,0.0,2988,0,0.0,0,0.0,250,1173,236,14,937,0.944,0.20119352088661552,0.22789442485269804
vsb_rarefirst,p3_unsharp,44,0.0,0.8,0.0,2988,2,0.0006693440428380187,2,0.0006693440428380187,267,1173,249,18,924,0.9325842696629213,0.21227621483375958,0.24685433437615312
vsb_rarefirst,p3_unsharp,42,0.01,0.6,0.007697456492637216,2988,48,0.01606425702811245,49,0.01639892904953146,800,1173,703,97,470,0.87875,0.5993179880647911,0.6252326043295677
vsb_rarefirst,p3_unsharp,43,0.01,0.6,0.004350736278447122,2988,23,0.007697456492637216,23,0.007697456492637216,733,1173,648,85,525,0.8840381991814461,0.5524296675191815,0.5863199238697722
vsb_rarefirst,p3_unsharp,44,0.01,0.6,0.006358768406961178,2988,46,0.015394912985274432,50,0.01673360107095047,756,1173,656,100,517,0.8677248677248677,0.5592497868712702,0.5827300592059866
vsb_rarefirst,p3_unsharp,42,0.02,0.5,0.023427041499330656,2988,87,0.029116465863453816,91,0.030455153949129853,969,1173,804,165,369,0.8297213622291022,0.6854219948849105,0.6854019905505361
vsb_rarefirst,p3_unsharp,43,0.02,0.5,0.013052208835341365,2988,52,0.01740294511378849,57,0.019076305220883535,906,1173,764,142,409,0.8432671081677704,0.6513213981244672,0.6538241420356081
vsb_rarefirst,p3_unsharp,44,0.02,0.5,0.01673360107095047,2988,85,0.028447121820615796,95,0.03179384203480589,922,1173,767,155,406,0.8318872017353579,0.6538789428815004,0.6480148493839959
vsb_rarefirst,p3_unsharp,42,0.05,0.3,0.04718875502008032,2988,174,0.05823293172690763,203,0.0679384203480589,1254,1173,912,342,261,0.7272727272727273,0.7774936061381074,0.7510144606480366
vsb_rarefirst,p3_unsharp,43,0.05,0.3,0.03681392235609103,2988,125,0.04183400267737617,156,0.05220883534136546,1243,1173,914,329,259,0.7353177795655672,0.7791986359761296,0.7346005681045079
vsb_rarefirst,p3_unsharp,44,0.05,0.3,0.04685408299866131,2988,160,0.0535475234270415,192,0.0642570281124498,1248,1173,898,350,275,0.719551282051282,0.7655583972719523,0.7228133578931076
vsb_rarefirst,a1_crop,42,0.0,0.8,0.0,2988,0,0.0,0,0.0,145,1173,139,6,1034,0.9586206896551724,0.1184995737425405,0.14707162262115822
vsb_rarefirst,a1_crop,43,0.0,0.8,0.0,2988,0,0.0,0,0.0,342,1173,318,24,855,0.9298245614035088,0.2710997442455243,0.31134351080996603
vsb_rarefirst,a1_crop,44,0.0,0.8,0.0,2988,0,0.0,0,0.0,282,1173,265,17,908,0.9397163120567376,0.2259164535379369,0.24558859938541489
vsb_rarefirst,a1_crop,42,0.01,0.65,0.002008032128514056,2988,11,0.003681392235609103,11,0.003681392235609103,529,1173,481,48,692,0.9092627599243857,0.4100596760443308,0.4806308978166316
vsb_rarefirst,a1_crop,43,0.01,0.65,0.008366800535475234,2988,36,0.012048192771084338,36,0.012048192771084338,747,1173,646,101,527,0.8647925033467202,0.5507246376811594,0.5823310894362093
vsb_rarefirst,a1_crop,44,0.01,0.65,0.007362784471218206,2988,37,0.012382864792503346,39,0.013052208835341365,704,1173,621,83,552,0.8821022727272727,0.5294117647058824,0.5619061800322507
vsb_rarefirst,a1_crop,42,0.02,0.6,0.004350736278447122,2988,22,0.007362784471218206,22,0.007362784471218206,669,1173,592,77,581,0.8849028400597907,0.5046888320545609,0.5598142678232654
vsb_rarefirst,a1_crop,43,0.02,0.6,0.01740294511378849,2988,73,0.024431057563587683,76,0.025435073627844713,858,1173,728,130,445,0.8484848484848485,0.6206308610400681,0.6352499213252208
vsb_rarefirst,a1_crop,44,0.02,0.6,0.015394912985274432,2988,73,0.024431057563587683,76,0.025435073627844713,820,1173,712,108,461,0.8682926829268293,0.6069906223358909,0.6227328003440084
vsb_rarefirst,a1_crop,42,0.05,0.4,0.030455153949129853,2988,131,0.043842034805890225,144,0.04819277108433735,1128,1173,859,269,314,0.7615248226950354,0.73231031543052,0.7134885589477724
vsb_rarefirst,a1_crop,43,0.05,0.4,0.0535475234270415,2988,195,0.06526104417670683,227,0.07597054886211513,1197,1173,875,322,298,0.7309941520467836,0.7459505541346974,0.7187017387481606
vsb_rarefirst,a1_crop,44,0.05,0.4,0.05856760374832664,2988,201,0.06726907630522089,234,0.0783132530120482,1172,1173,888,284,285,0.757679180887372,0.7570332480818415,0.7233999974558047
vsb_rarefirst,a2_colorjitter,42,0.0,0.8,0.0,2988,2,0.0006693440428380187,2,0.0006693440428380187,263,1173,248,15,925,0.9429657794676806,0.21142369991474852,0.23682395942737194
vsb_rarefirst,a2_colorjitter,43,0.0,0.8,0.0,2988,0,0.0,0,0.0,274,1173,253,21,920,0.9233576642335767,0.21568627450980393,0.25023447653609493
vsb_rarefirst,a2_colorjitter,44,0.0,0.8,0.0,2988,0,0.0,0,0.0,168,1173,163,5,1010,0.9702380952380952,0.13895993179880647,0.16204584574644157
vsb_rarefirst,a2_colorjitter,42,0.01,0.6,0.008032128514056224,2988,39,0.013052208835341365,41,0.013721552878179385,766,1173,660,106,513,0.8616187989556136,0.5626598465473146,0.5910844770009472
vsb_rarefirst,a2_colorjitter,43,0.01,0.6,0.007697456492637216,2988,43,0.014390896921017403,44,0.014725568942436412,781,1173,686,95,487,0.8783610755441741,0.5848252344416027,0.6084349641873209
vsb_rarefirst,a2_colorjitter,44,0.01,0.6,0.0023427041499330657,2988,26,0.008701472556894244,26,0.008701472556894244,633,1173,557,76,616,0.8799368088467614,0.47485080988917305,0.528273770096417
vsb_rarefirst,a2_colorjitter,42,0.02,0.45,0.02108433734939759,2988,95,0.03179384203480589,104,0.03480589022757698,1032,1173,821,211,352,0.7955426356589147,0.6999147485080989,0.6895216901679572
vsb_rarefirst,a2_colorjitter,43,0.02,0.45,0.025100401606425703,2988,112,0.03748326639892905,122,0.040829986613119144,1027,1173,833,194,340,0.8111002921129503,0.7101449275362319,0.6884661528364291
vsb_rarefirst,a2_colorjitter,44,0.02,0.45,0.013386880856760375,2988,59,0.019745649263721552,64,0.0214190093708166,963,1173,764,199,409,0.7933541017653167,0.6513213981244672,0.6651168156858054
vsb_rarefirst,a2_colorjitter,42,0.05,0.3,0.04350736278447122,2988,157,0.05254350736278447,183,0.06124497991967871,1272,1173,912,360,261,0.7169811320754716,0.7774936061381074,0.7360300725142106
vsb_rarefirst,a2_colorjitter,43,0.05,0.3,0.04484605087014726,2988,167,0.055890227576974566,203,0.0679384203480589,1240,1173,911,329,262,0.7346774193548387,0.7766410912190963,0.735276222321246
vsb_rarefirst,a2_colorjitter,44,0.05,0.3,0.04116465863453815,2988,146,0.048862115127175365,179,0.05990629183400268,1261,1173,885,376,288,0.7018239492466296,0.7544757033248082,0.7253552902016036
vsb_rarefirst,p4_a4_combined,42,0.0,0.8,0.0,2988,1,0.00033467202141900936,1,0.00033467202141900936,295,1173,274,21,899,0.9288135593220339,0.23358908780903667,0.26181145715768206
vsb_rarefirst,p4_a4_combined,43,0.0,0.8,0.0,2988,0,0.0,0,0.0,182,1173,174,8,999,0.9560439560439561,0.1483375959079284,0.1857558963055588
vsb_rarefirst,p4_a4_combined,44,0.0,0.8,0.0,2988,0,0.0,0,0.0,209,1173,198,11,975,0.9473684210526315,0.16879795396419436,0.20839900645802287
vsb_rarefirst,p4_a4_combined,42,0.01,0.65,0.013721552878179385,2988,58,0.019410977242302542,58,0.019410977242302542,745,1173,647,98,526,0.8684563758389262,0.5515771526001705,0.5814500825571082
vsb_rarefirst,p4_a4_combined,43,0.01,0.65,0.004016064257028112,2988,21,0.007028112449799197,22,0.007362784471218206,592,1173,531,61,642,0.8969594594594594,0.45268542199488493,0.5143831745384442
vsb_rarefirst,p4_a4_combined,44,0.01,0.65,0.004016064257028112,2988,20,0.006693440428380187,20,0.006693440428380187,658,1173,575,83,598,0.8738601823708206,0.49019607843137253,0.5287487424917848
vsb_rarefirst,p4_a4_combined,42,0.02,0.6,0.025435073627844713,2988,93,0.03112449799196787,98,0.03279785809906292,860,1173,715,145,458,0.8313953488372093,0.6095481670929241,0.6200752218144416
vsb_rarefirst,p4_a4_combined,43,0.02,0.6,0.008032128514056224,2988,37,0.012382864792503346,40,0.013386880856760375,723,1173,618,105,555,0.8547717842323651,0.5268542199488491,0.5754143865155272
vsb_rarefirst,p4_a4_combined,44,0.02,0.6,0.007362784471218206,2988,39,0.013052208835341365,40,0.013386880856760375,788,1173,666,122,507,0.8451776649746193,0.5677749360613811,0.5883204015588029
vsb_rarefirst,p4_a4_combined,42,0.05,0.45,0.0679384203480589,2988,210,0.07028112449799197,250,0.08366800535475234,1144,1173,848,296,325,0.7412587412587412,0.7229326513213982,0.697596131391108
vsb_rarefirst,p4_a4_combined,43,0.05,0.45,0.04250334672021419,2988,149,0.0498661311914324,175,0.05856760374832664,1075,1173,822,253,351,0.7646511627906977,0.7007672634271099,0.6991812350387862
vsb_rarefirst,p4_a4_combined,44,0.05,0.45,0.03145917001338688,2988,124,0.041499330655957165,141,0.04718875502008032,1107,1173,816,291,357,0.7371273712737128,0.6956521739130435,0.6819407569373374
